date,company_id,company_name,ticker,open,high,low,close,volume,adjusted_close,currency,source_type,source_url,data_status,note
2023-07-24,000660,SK하이닉스,000660,114100.0,114900.0,112900.0,114000.0,2761991,114000.0,KRW,exchange,https://github.com/FinanceDataReader/FinanceDataReader,reviewed,SK하이닉스 3개년 일별 주가 수집 검수 완료 데이터
2023-07-25,000660,SK하이닉스,000660,114000.0,114200.0,112200.0,113400.0,2678385,113400.0,KRW,exchange,https://github.com/FinanceDataReader/FinanceDataReader,reviewed,SK하이닉스 3개년 일별 주가 수집 검수 완료 데이터
2023-07-26,000660,SK하이닉스,000660,116000.0,116100.0,111300.0,113000.0,4995935,113000.0,KRW,exchange,https://github.com/FinanceDataReader/FinanceDataReader,reviewed,SK하이닉스 3개년 일별 주가 수집 검수 완료 데이터
2023-07-27,000660,SK하이닉스,000660,115000.0,124000.0,114100.0,124000.0,9638980,124000.0,KRW,exchange,https://github.com/FinanceDataReader/FinanceDataReader,reviewed,SK하이닉스 3개년 일별 주가 수집 검수 완료 데이터
2023-07-28,000660,SK하이닉스,000660,126200.0,129000.0,122000.0,128000.0,8718746,128000.0,KRW,exchange,https://github.com/FinanceDataReader/FinanceDataReader,reviewed,SK하이닉스 3개년 일별 주가 수집 검수 완료 데이터
2023-07-31,000660,SK하이닉스,000660,128000.0,128500.0,122500.0,123400.0,4623350,123400.0,KRW,exchange,https://github.com/FinanceDataReader/FinanceDataReader,reviewed,SK하이닉스 3개년 일별 주가 수집 검수 완료 데이터
2023-08-01,000660,SK하이닉스,000660,124000.0,126400.0,120700.0,125100.0,4656047,125100.0,KRW,exchange,https://github.com/FinanceDataReader/FinanceDataReader,reviewed,SK하이닉스 3개년 일별 주가 수집 검수 완료 데이터
2023-08-02,000660,SK하이닉스,000660,123300.0,124800.0,118700.0,119500.0,3765478,119500.0,KRW,exchange,https://github.com/FinanceDataReader/FinanceDataReader,reviewed,SK하이닉스 3개년 일별 주가 수집 검수 완료 데이터
2023-08-03,000660,SK하이닉스,000660,119000.0,121300.0,117200.0,120000.0,3498537,120000.0,KRW,exchange,https://github.com/FinanceDataReader/FinanceDataReader,reviewed,SK하이닉스 3개년 일별 주가 수집 검수 완료 데이터
2023-08-04,000660,SK하이닉스,000660,118300.0,120900.0,118100.0,120100.0,2375384,120100.0,KRW,exchange,https://github.com/FinanceDataReader/FinanceDataReader,reviewed,SK하이닉스 3개년 일별 주가 수집 검수 완료 데이터
2023-08-07,000660,SK하이닉스,000660,120600.0,124900.0,120500.0,121900.0,3724826,121900.0,KRW,exchange,https://github.com/FinanceDataReader/FinanceDataReader,reviewed,SK하이닉스 3개년 일별 주가 수집 검수 완료 데이터
2023-08-08,000660,SK하이닉스,000660,121900.0,122400.0,118300.0,118600.0,2729243,118600.0,KRW,exchange,https://github.com/FinanceDataReader/FinanceDataReader,reviewed,SK하이닉스 3개년 일별 주가 수집 검수 완료 데이터
2023-08-09,000660,SK하이닉스,000660,118500.0,119200.0,117200.0,118500.0,2551668,118500.0,KRW,exchange,https://github.com/FinanceDataReader/FinanceDataReader,reviewed,SK하이닉스 3개년 일별 주가 수집 검수 완료 데이터
2023-08-10,000660,SK하이닉스,000660,117400.0,118500.0,115100.0,118500.0,2622604,118500.0,KRW,exchange,https://github.com/FinanceDataReader/FinanceDataReader,reviewed,SK하이닉스 3개년 일별 주가 수집 검수 완료 데이터
2023-08-11,000660,SK하이닉스,000660,118000.0,119400.0,115200.0,115300.0,2412381,115300.0,KRW,exchange,https://github.com/FinanceDataReader/FinanceDataReader,reviewed,SK하이닉스 3개년 일별 주가 수집 검수 완료 데이터
2023-08-14,000660,SK하이닉스,000660,114600.0,117300.0,114000.0,114900.0,2038360,114900.0,KRW,exchange,https://github.com/FinanceDataReader/FinanceDataReader,reviewed,SK하이닉스 3개년 일별 주가 수집 검수 완료 데이터
2023-08-16,000660,SK하이닉스,000660,117200.0,118500.0,115000.0,115800.0,3870479,115800.0,KRW,exchange,https://github.com/FinanceDataReader/FinanceDataReader,reviewed,SK하이닉스 3개년 일별 주가 수집 검수 완료 데이터
2023-08-17,000660,SK하이닉스,000660,114300.0,115500.0,112500.0,114800.0,3064253,114800.0,KRW,exchange,https://github.com/FinanceDataReader/FinanceDataReader,reviewed,SK하이닉스 3개년 일별 주가 수집 검수 완료 데이터
2023-08-18,000660,SK하이닉스,000660,112600.0,118700.0,111800.0,117200.0,3329697,117200.0,KRW,exchange,https://github.com/FinanceDataReader/FinanceDataReader,reviewed,SK하이닉스 3개년 일별 주가 수집 검수 완료 데이터
2023-08-21,000660,SK하이닉스,000660,117300.0,118500.0,115600.0,116400.0,2621973,116400.0,KRW,exchange,https://github.com/FinanceDataReader/FinanceDataReader,reviewed,SK하이닉스 3개년 일별 주가 수집 검수 완료 데이터
2023-08-22,000660,SK하이닉스,000660,120000.0,120900.0,114900.0,116500.0,3349473,116500.0,KRW,exchange,https://github.com/FinanceDataReader/FinanceDataReader,reviewed,SK하이닉스 3개년 일별 주가 수집 검수 완료 데이터
2023-08-23,000660,SK하이닉스,000660,116200.0,116800.0,114100.0,116000.0,2573292,116000.0,KRW,exchange,https://github.com/FinanceDataReader/FinanceDataReader,reviewed,SK하이닉스 3개년 일별 주가 수집 검수 완료 데이터
2023-08-24,000660,SK하이닉스,000660,122300.0,123600.0,120300.0,120900.0,6368401,120900.0,KRW,exchange,https://github.com/FinanceDataReader/FinanceDataReader,reviewed,SK하이닉스 3개년 일별 주가 수집 검수 완료 데이터
2023-08-25,000660,SK하이닉스,000660,117400.0,118300.0,115300.0,116500.0,3533647,116500.0,KRW,exchange,https://github.com/FinanceDataReader/FinanceDataReader,reviewed,SK하이닉스 3개년 일별 주가 수집 검수 완료 데이터
2023-08-28,000660,SK하이닉스,000660,117000.0,117500.0,115500.0,115900.0,1746882,115900.0,KRW,exchange,https://github.com/FinanceDataReader/FinanceDataReader,reviewed,SK하이닉스 3개년 일별 주가 수집 검수 완료 데이터
2023-08-29,000660,SK하이닉스,000660,118300.0,120300.0,117100.0,118600.0,2682352,118600.0,KRW,exchange,https://github.com/FinanceDataReader/FinanceDataReader,reviewed,SK하이닉스 3개년 일별 주가 수집 검수 완료 데이터
2023-08-30,000660,SK하이닉스,000660,122400.0,122800.0,119400.0,119400.0,2629711,119400.0,KRW,exchange,https://github.com/FinanceDataReader/FinanceDataReader,reviewed,SK하이닉스 3개년 일별 주가 수집 검수 완료 데이터
2023-08-31,000660,SK하이닉스,000660,121000.0,122800.0,120000.0,121800.0,4403695,121800.0,KRW,exchange,https://github.com/FinanceDataReader/FinanceDataReader,reviewed,SK하이닉스 3개년 일별 주가 수집 검수 완료 데이터
2023-09-01,000660,SK하이닉스,000660,121400.0,122600.0,119600.0,120000.0,2886011,120000.0,KRW,exchange,https://github.com/FinanceDataReader/FinanceDataReader,reviewed,SK하이닉스 3개년 일별 주가 수집 검수 완료 데이터
2023-09-04,000660,SK하이닉스,000660,118300.0,119700.0,116200.0,119200.0,3491280,119200.0,KRW,exchange,https://github.com/FinanceDataReader/FinanceDataReader,reviewed,SK하이닉스 3개년 일별 주가 수집 검수 완료 데이터
2023-09-05,000660,SK하이닉스,000660,118100.0,121000.0,117700.0,119400.0,1749591,119400.0,KRW,exchange,https://github.com/FinanceDataReader/FinanceDataReader,reviewed,SK하이닉스 3개년 일별 주가 수집 검수 완료 데이터
2023-09-06,000660,SK하이닉스,000660,118600.0,120000.0,117800.0,118200.0,1615519,118200.0,KRW,exchange,https://github.com/FinanceDataReader/FinanceDataReader,reviewed,SK하이닉스 3개년 일별 주가 수집 검수 완료 데이터
2023-09-07,000660,SK하이닉스,000660,118200.0,120900.0,117100.0,118500.0,2995088,118500.0,KRW,exchange,https://github.com/FinanceDataReader/FinanceDataReader,reviewed,SK하이닉스 3개년 일별 주가 수집 검수 완료 데이터
2023-09-08,000660,SK하이닉스,000660,117000.0,117100.0,112800.0,113700.0,4943255,113700.0,KRW,exchange,https://github.com/FinanceDataReader/FinanceDataReader,reviewed,SK하이닉스 3개년 일별 주가 수집 검수 완료 데이터
2023-09-11,000660,SK하이닉스,000660,113700.0,116000.0,112900.0,115900.0,2542590,115900.0,KRW,exchange,https://github.com/FinanceDataReader/FinanceDataReader,reviewed,SK하이닉스 3개년 일별 주가 수집 검수 완료 데이터
2023-09-12,000660,SK하이닉스,000660,115400.0,117500.0,113900.0,116700.0,2749688,116700.0,KRW,exchange,https://github.com/FinanceDataReader/FinanceDataReader,reviewed,SK하이닉스 3개년 일별 주가 수집 검수 완료 데이터
2023-09-13,000660,SK하이닉스,000660,117900.0,120700.0,116900.0,118500.0,3860589,118500.0,KRW,exchange,https://github.com/FinanceDataReader/FinanceDataReader,reviewed,SK하이닉스 3개년 일별 주가 수집 검수 완료 데이터
2023-09-14,000660,SK하이닉스,000660,118600.0,122200.0,118600.0,122200.0,3948784,122200.0,KRW,exchange,https://github.com/FinanceDataReader/FinanceDataReader,reviewed,SK하이닉스 3개년 일별 주가 수집 검수 완료 데이터
2023-09-15,000660,SK하이닉스,000660,122900.0,124400.0,121600.0,122400.0,3579662,122400.0,KRW,exchange,https://github.com/FinanceDataReader/FinanceDataReader,reviewed,SK하이닉스 3개년 일별 주가 수집 검수 완료 데이터
2023-09-18,000660,SK하이닉스,000660,120300.0,122900.0,118800.0,119000.0,2356621,119000.0,KRW,exchange,https://github.com/FinanceDataReader/FinanceDataReader,reviewed,SK하이닉스 3개년 일별 주가 수집 검수 완료 데이터
2023-09-19,000660,SK하이닉스,000660,119400.0,121300.0,118600.0,119200.0,1921912,119200.0,KRW,exchange,https://github.com/FinanceDataReader/FinanceDataReader,reviewed,SK하이닉스 3개년 일별 주가 수집 검수 완료 데이터
2023-09-20,000660,SK하이닉스,000660,118900.0,119700.0,116700.0,118000.0,2228681,118000.0,KRW,exchange,https://github.com/FinanceDataReader/FinanceDataReader,reviewed,SK하이닉스 3개년 일별 주가 수집 검수 완료 데이터
2023-09-21,000660,SK하이닉스,000660,116000.0,116900.0,114100.0,116500.0,3151900,116500.0,KRW,exchange,https://github.com/FinanceDataReader/FinanceDataReader,reviewed,SK하이닉스 3개년 일별 주가 수집 검수 완료 데이터
2023-09-22,000660,SK하이닉스,000660,114300.0,117300.0,114200.0,117300.0,2938386,117300.0,KRW,exchange,https://github.com/FinanceDataReader/FinanceDataReader,reviewed,SK하이닉스 3개년 일별 주가 수집 검수 완료 데이터
2023-09-25,000660,SK하이닉스,000660,115900.0,117700.0,115700.0,117000.0,2181722,117000.0,KRW,exchange,https://github.com/FinanceDataReader/FinanceDataReader,reviewed,SK하이닉스 3개년 일별 주가 수집 검수 완료 데이터
2023-09-26,000660,SK하이닉스,000660,117000.0,117200.0,113300.0,115000.0,3237819,115000.0,KRW,exchange,https://github.com/FinanceDataReader/FinanceDataReader,reviewed,SK하이닉스 3개년 일별 주가 수집 검수 완료 데이터
2023-09-27,000660,SK하이닉스,000660,113000.0,115200.0,112300.0,114700.0,3060751,114700.0,KRW,exchange,https://github.com/FinanceDataReader/FinanceDataReader,reviewed,SK하이닉스 3개년 일별 주가 수집 검수 완료 데이터
2023-10-04,000660,SK하이닉스,000660,113000.0,116600.0,113000.0,115400.0,4447702,115400.0,KRW,exchange,https://github.com/FinanceDataReader/FinanceDataReader,reviewed,SK하이닉스 3개년 일별 주가 수집 검수 완료 데이터
2023-10-05,000660,SK하이닉스,000660,122900.0,122900.0,118100.0,120200.0,6112858,120200.0,KRW,exchange,https://github.com/FinanceDataReader/FinanceDataReader,reviewed,SK하이닉스 3개년 일별 주가 수집 검수 완료 데이터
2023-10-06,000660,SK하이닉스,000660,120200.0,121600.0,119000.0,120400.0,4158083,120400.0,KRW,exchange,https://github.com/FinanceDataReader/FinanceDataReader,reviewed,SK하이닉스 3개년 일별 주가 수집 검수 완료 데이터
2023-10-10,000660,SK하이닉스,000660,122800.0,124300.0,119500.0,119500.0,5580659,119500.0,KRW,exchange,https://github.com/FinanceDataReader/FinanceDataReader,reviewed,SK하이닉스 3개년 일별 주가 수집 검수 완료 데이터
2023-10-11,000660,SK하이닉스,000660,123000.0,123900.0,119200.0,119200.0,4293299,119200.0,KRW,exchange,https://github.com/FinanceDataReader/FinanceDataReader,reviewed,SK하이닉스 3개년 일별 주가 수집 검수 완료 데이터
2023-10-12,000660,SK하이닉스,000660,121100.0,124200.0,120500.0,124200.0,4016352,124200.0,KRW,exchange,https://github.com/FinanceDataReader/FinanceDataReader,reviewed,SK하이닉스 3개년 일별 주가 수집 검수 완료 데이터
2023-10-13,000660,SK하이닉스,000660,123100.0,126300.0,122500.0,124700.0,3205273,124700.0,KRW,exchange,https://github.com/FinanceDataReader/FinanceDataReader,reviewed,SK하이닉스 3개년 일별 주가 수집 검수 완료 데이터
2023-10-16,000660,SK하이닉스,000660,124700.0,125200.0,122400.0,124100.0,3008476,124100.0,KRW,exchange,https://github.com/FinanceDataReader/FinanceDataReader,reviewed,SK하이닉스 3개년 일별 주가 수집 검수 완료 데이터
2023-10-17,000660,SK하이닉스,000660,125000.0,130800.0,123500.0,130000.0,6411880,130000.0,KRW,exchange,https://github.com/FinanceDataReader/FinanceDataReader,reviewed,SK하이닉스 3개년 일별 주가 수집 검수 완료 데이터
2023-10-18,000660,SK하이닉스,000660,128600.0,130700.0,127200.0,130000.0,4760148,130000.0,KRW,exchange,https://github.com/FinanceDataReader/FinanceDataReader,reviewed,SK하이닉스 3개년 일별 주가 수집 검수 완료 데이터
2023-10-19,000660,SK하이닉스,000660,127600.0,128900.0,125100.0,125700.0,5089745,125700.0,KRW,exchange,https://github.com/FinanceDataReader/FinanceDataReader,reviewed,SK하이닉스 3개년 일별 주가 수집 검수 완료 데이터
2023-10-20,000660,SK하이닉스,000660,124300.0,127200.0,122800.0,126200.0,3868266,126200.0,KRW,exchange,https://github.com/FinanceDataReader/FinanceDataReader,reviewed,SK하이닉스 3개년 일별 주가 수집 검수 완료 데이터
2023-10-23,000660,SK하이닉스,000660,126800.0,127200.0,123500.0,124000.0,2432303,124000.0,KRW,exchange,https://github.com/FinanceDataReader/FinanceDataReader,reviewed,SK하이닉스 3개년 일별 주가 수집 검수 완료 데이터
2023-10-24,000660,SK하이닉스,000660,125400.0,127000.0,123900.0,126800.0,2802010,126800.0,KRW,exchange,https://github.com/FinanceDataReader/FinanceDataReader,reviewed,SK하이닉스 3개년 일별 주가 수집 검수 완료 데이터
2023-10-25,000660,SK하이닉스,000660,127500.0,129000.0,126100.0,127500.0,3053002,127500.0,KRW,exchange,https://github.com/FinanceDataReader/FinanceDataReader,reviewed,SK하이닉스 3개년 일별 주가 수집 검수 완료 데이터
2023-10-26,000660,SK하이닉스,000660,122100.0,124800.0,119500.0,120000.0,5961584,120000.0,KRW,exchange,https://github.com/FinanceDataReader/FinanceDataReader,reviewed,SK하이닉스 3개년 일별 주가 수집 검수 완료 데이터
2023-10-27,000660,SK하이닉스,000660,119800.0,120900.0,117500.0,119100.0,5486088,119100.0,KRW,exchange,https://github.com/FinanceDataReader/FinanceDataReader,reviewed,SK하이닉스 3개년 일별 주가 수집 검수 완료 데이터
2023-10-30,000660,SK하이닉스,000660,119100.0,121700.0,118700.0,119100.0,2798497,119100.0,KRW,exchange,https://github.com/FinanceDataReader/FinanceDataReader,reviewed,SK하이닉스 3개년 일별 주가 수집 검수 완료 데이터
2023-10-31,000660,SK하이닉스,000660,119800.0,120900.0,116300.0,116300.0,3166739,116300.0,KRW,exchange,https://github.com/FinanceDataReader/FinanceDataReader,reviewed,SK하이닉스 3개년 일별 주가 수집 검수 완료 데이터
2023-11-01,000660,SK하이닉스,000660,117900.0,120300.0,117000.0,120300.0,2707225,120300.0,KRW,exchange,https://github.com/FinanceDataReader/FinanceDataReader,reviewed,SK하이닉스 3개년 일별 주가 수집 검수 완료 데이터
2023-11-02,000660,SK하이닉스,000660,123900.0,125400.0,123100.0,125300.0,3736208,125300.0,KRW,exchange,https://github.com/FinanceDataReader/FinanceDataReader,reviewed,SK하이닉스 3개년 일별 주가 수집 검수 완료 데이터
2023-11-03,000660,SK하이닉스,000660,126500.0,127200.0,125000.0,125800.0,2796773,125800.0,KRW,exchange,https://github.com/FinanceDataReader/FinanceDataReader,reviewed,SK하이닉스 3개년 일별 주가 수집 검수 완료 데이터
2023-11-06,000660,SK하이닉스,000660,125800.0,133000.0,125800.0,133000.0,6923192,133000.0,KRW,exchange,https://github.com/FinanceDataReader/FinanceDataReader,reviewed,SK하이닉스 3개년 일별 주가 수집 검수 완료 데이터
2023-11-07,000660,SK하이닉스,000660,132000.0,133500.0,129300.0,130400.0,4940510,130400.0,KRW,exchange,https://github.com/FinanceDataReader/FinanceDataReader,reviewed,SK하이닉스 3개년 일별 주가 수집 검수 완료 데이터
2023-11-08,000660,SK하이닉스,000660,131600.0,132700.0,126600.0,127600.0,3328279,127600.0,KRW,exchange,https://github.com/FinanceDataReader/FinanceDataReader,reviewed,SK하이닉스 3개년 일별 주가 수집 검수 완료 데이터
2023-11-09,000660,SK하이닉스,000660,127700.0,129800.0,126700.0,128000.0,2228081,128000.0,KRW,exchange,https://github.com/FinanceDataReader/FinanceDataReader,reviewed,SK하이닉스 3개년 일별 주가 수집 검수 완료 데이터
2023-11-10,000660,SK하이닉스,000660,127900.0,130800.0,127000.0,130500.0,2656526,130500.0,KRW,exchange,https://github.com/FinanceDataReader/FinanceDataReader,reviewed,SK하이닉스 3개년 일별 주가 수집 검수 완료 데이터
2023-11-13,000660,SK하이닉스,000660,133000.0,134100.0,131000.0,131800.0,2644761,131800.0,KRW,exchange,https://github.com/FinanceDataReader/FinanceDataReader,reviewed,SK하이닉스 3개년 일별 주가 수집 검수 완료 데이터
2023-11-14,000660,SK하이닉스,000660,133500.0,133500.0,130000.0,130000.0,2589591,130000.0,KRW,exchange,https://github.com/FinanceDataReader/FinanceDataReader,reviewed,SK하이닉스 3개년 일별 주가 수집 검수 완료 데이터
2023-11-15,000660,SK하이닉스,000660,133900.0,134200.0,132100.0,134100.0,3616292,134100.0,KRW,exchange,https://github.com/FinanceDataReader/FinanceDataReader,reviewed,SK하이닉스 3개년 일별 주가 수집 검수 완료 데이터
2023-11-16,000660,SK하이닉스,000660,133000.0,134400.0,131200.0,132300.0,2456351,132300.0,KRW,exchange,https://github.com/FinanceDataReader/FinanceDataReader,reviewed,SK하이닉스 3개년 일별 주가 수집 검수 완료 데이터
2023-11-17,000660,SK하이닉스,000660,131500.0,132000.0,129100.0,129900.0,2438499,129900.0,KRW,exchange,https://github.com/FinanceDataReader/FinanceDataReader,reviewed,SK하이닉스 3개년 일별 주가 수집 검수 완료 데이터
2023-11-20,000660,SK하이닉스,000660,129300.0,132000.0,129300.0,131400.0,2004403,131400.0,KRW,exchange,https://github.com/FinanceDataReader/FinanceDataReader,reviewed,SK하이닉스 3개년 일별 주가 수집 검수 완료 데이터
2023-11-21,000660,SK하이닉스,000660,132000.0,133300.0,131600.0,132000.0,2439306,132000.0,KRW,exchange,https://github.com/FinanceDataReader/FinanceDataReader,reviewed,SK하이닉스 3개년 일별 주가 수집 검수 완료 데이터
2023-11-22,000660,SK하이닉스,000660,129600.0,131600.0,129500.0,131300.0,2128566,131300.0,KRW,exchange,https://github.com/FinanceDataReader/FinanceDataReader,reviewed,SK하이닉스 3개년 일별 주가 수집 검수 완료 데이터
2023-11-23,000660,SK하이닉스,000660,130600.0,131400.0,129500.0,130100.0,1839516,130100.0,KRW,exchange,https://github.com/FinanceDataReader/FinanceDataReader,reviewed,SK하이닉스 3개년 일별 주가 수집 검수 완료 데이터
2023-11-24,000660,SK하이닉스,000660,130600.0,131000.0,128000.0,128000.0,1925668,128000.0,KRW,exchange,https://github.com/FinanceDataReader/FinanceDataReader,reviewed,SK하이닉스 3개년 일별 주가 수집 검수 완료 데이터
2023-11-27,000660,SK하이닉스,000660,129200.0,130700.0,128400.0,130700.0,2264243,130700.0,KRW,exchange,https://github.com/FinanceDataReader/FinanceDataReader,reviewed,SK하이닉스 3개년 일별 주가 수집 검수 완료 데이터
2023-11-28,000660,SK하이닉스,000660,132100.0,132100.0,129900.0,131400.0,2562226,131400.0,KRW,exchange,https://github.com/FinanceDataReader/FinanceDataReader,reviewed,SK하이닉스 3개년 일별 주가 수집 검수 완료 데이터
2023-11-29,000660,SK하이닉스,000660,130200.0,131000.0,128900.0,130400.0,2227853,130400.0,KRW,exchange,https://github.com/FinanceDataReader/FinanceDataReader,reviewed,SK하이닉스 3개년 일별 주가 수집 검수 완료 데이터
2023-11-30,000660,SK하이닉스,000660,129900.0,133900.0,129900.0,133900.0,3625365,133900.0,KRW,exchange,https://github.com/FinanceDataReader/FinanceDataReader,reviewed,SK하이닉스 3개년 일별 주가 수집 검수 완료 데이터
2023-12-01,000660,SK하이닉스,000660,132200.0,133000.0,130800.0,132600.0,3641222,132600.0,KRW,exchange,https://github.com/FinanceDataReader/FinanceDataReader,reviewed,SK하이닉스 3개년 일별 주가 수집 검수 완료 데이터
2023-12-04,000660,SK하이닉스,000660,133400.0,134600.0,131100.0,131100.0,2680820,131100.0,KRW,exchange,https://github.com/FinanceDataReader/FinanceDataReader,reviewed,SK하이닉스 3개년 일별 주가 수집 검수 완료 데이터
2023-12-05,000660,SK하이닉스,000660,129700.0,130000.0,125400.0,125900.0,4375531,125900.0,KRW,exchange,https://github.com/FinanceDataReader/FinanceDataReader,reviewed,SK하이닉스 3개년 일별 주가 수집 검수 완료 데이터
2023-12-06,000660,SK하이닉스,000660,126800.0,127500.0,125400.0,125600.0,2667583,125600.0,KRW,exchange,https://github.com/FinanceDataReader/FinanceDataReader,reviewed,SK하이닉스 3개년 일별 주가 수집 검수 완료 데이터
2023-12-07,000660,SK하이닉스,000660,125600.0,127800.0,124500.0,125600.0,2478565,125600.0,KRW,exchange,https://github.com/FinanceDataReader/FinanceDataReader,reviewed,SK하이닉스 3개년 일별 주가 수집 검수 완료 데이터
2023-12-08,000660,SK하이닉스,000660,128100.0,129100.0,127500.0,127500.0,2762531,127500.0,KRW,exchange,https://github.com/FinanceDataReader/FinanceDataReader,reviewed,SK하이닉스 3개년 일별 주가 수집 검수 완료 데이터
2023-12-11,000660,SK하이닉스,000660,128700.0,129100.0,127300.0,128900.0,3696790,128900.0,KRW,exchange,https://github.com/FinanceDataReader/FinanceDataReader,reviewed,SK하이닉스 3개년 일별 주가 수집 검수 완료 데이터
2023-12-12,000660,SK하이닉스,000660,130600.0,131900.0,130500.0,131000.0,3126577,131000.0,KRW,exchange,https://github.com/FinanceDataReader/FinanceDataReader,reviewed,SK하이닉스 3개년 일별 주가 수집 검수 완료 데이터
2023-12-13,000660,SK하이닉스,000660,130000.0,132400.0,130000.0,131200.0,2852873,131200.0,KRW,exchange,https://github.com/FinanceDataReader/FinanceDataReader,reviewed,SK하이닉스 3개년 일별 주가 수집 검수 완료 데이터
2023-12-14,000660,SK하이닉스,000660,133700.0,138300.0,133600.0,136700.0,8217135,136700.0,KRW,exchange,https://github.com/FinanceDataReader/FinanceDataReader,reviewed,SK하이닉스 3개년 일별 주가 수집 검수 완료 데이터
2023-12-15,000660,SK하이닉스,000660,137000.0,140000.0,137000.0,140000.0,5011719,140000.0,KRW,exchange,https://github.com/FinanceDataReader/FinanceDataReader,reviewed,SK하이닉스 3개년 일별 주가 수집 검수 완료 데이터
2023-12-18,000660,SK하이닉스,000660,139000.0,140800.0,138900.0,140000.0,2540812,140000.0,KRW,exchange,https://github.com/FinanceDataReader/FinanceDataReader,reviewed,SK하이닉스 3개년 일별 주가 수집 검수 완료 데이터
2023-12-19,000660,SK하이닉스,000660,140000.0,140800.0,138100.0,138200.0,2309721,138200.0,KRW,exchange,https://github.com/FinanceDataReader/FinanceDataReader,reviewed,SK하이닉스 3개년 일별 주가 수집 검수 완료 데이터
2023-12-20,000660,SK하이닉스,000660,139900.0,140800.0,139300.0,140500.0,3108011,140500.0,KRW,exchange,https://github.com/FinanceDataReader/FinanceDataReader,reviewed,SK하이닉스 3개년 일별 주가 수집 검수 완료 데이터
2023-12-21,000660,SK하이닉스,000660,139200.0,140600.0,138100.0,140500.0,2737124,140500.0,KRW,exchange,https://github.com/FinanceDataReader/FinanceDataReader,reviewed,SK하이닉스 3개년 일별 주가 수집 검수 완료 데이터
2023-12-22,000660,SK하이닉스,000660,142700.0,143700.0,140600.0,140600.0,3183709,140600.0,KRW,exchange,https://github.com/FinanceDataReader/FinanceDataReader,reviewed,SK하이닉스 3개년 일별 주가 수집 검수 완료 데이터
2023-12-26,000660,SK하이닉스,000660,142000.0,142000.0,139400.0,140900.0,2239789,140900.0,KRW,exchange,https://github.com/FinanceDataReader/FinanceDataReader,reviewed,SK하이닉스 3개년 일별 주가 수집 검수 완료 데이터
2023-12-27,000660,SK하이닉스,000660,140800.0,141600.0,139200.0,140400.0,2336777,140400.0,KRW,exchange,https://github.com/FinanceDataReader/FinanceDataReader,reviewed,SK하이닉스 3개년 일별 주가 수집 검수 완료 데이터
2023-12-28,000660,SK하이닉스,000660,140900.0,141600.0,139500.0,141500.0,2459473,141500.0,KRW,exchange,https://github.com/FinanceDataReader/FinanceDataReader,reviewed,SK하이닉스 3개년 일별 주가 수집 검수 완료 데이터
2024-01-02,000660,SK하이닉스,000660,139700.0,142800.0,139700.0,142400.0,2147458,142400.0,KRW,exchange,https://github.com/FinanceDataReader/FinanceDataReader,reviewed,SK하이닉스 3개년 일별 주가 수집 검수 완료 데이터
2024-01-03,000660,SK하이닉스,000660,140000.0,140800.0,136800.0,136800.0,3257820,136800.0,KRW,exchange,https://github.com/FinanceDataReader/FinanceDataReader,reviewed,SK하이닉스 3개년 일별 주가 수집 검수 완료 데이터
2024-01-04,000660,SK하이닉스,000660,136800.0,138800.0,135800.0,136400.0,2661970,136400.0,KRW,exchange,https://github.com/FinanceDataReader/FinanceDataReader,reviewed,SK하이닉스 3개년 일별 주가 수집 검수 완료 데이터
2024-01-05,000660,SK하이닉스,000660,135800.0,137500.0,135800.0,137500.0,1846781,137500.0,KRW,exchange,https://github.com/FinanceDataReader/FinanceDataReader,reviewed,SK하이닉스 3개년 일별 주가 수집 검수 완료 데이터
2024-01-08,000660,SK하이닉스,000660,137500.0,137900.0,135400.0,136000.0,2498302,136000.0,KRW,exchange,https://github.com/FinanceDataReader/FinanceDataReader,reviewed,SK하이닉스 3개년 일별 주가 수집 검수 완료 데이터
2024-01-09,000660,SK하이닉스,000660,139000.0,139500.0,136600.0,137400.0,3473806,137400.0,KRW,exchange,https://github.com/FinanceDataReader/FinanceDataReader,reviewed,SK하이닉스 3개년 일별 주가 수집 검수 완료 데이터
2024-01-10,000660,SK하이닉스,000660,137700.0,138100.0,132100.0,133500.0,3769252,133500.0,KRW,exchange,https://github.com/FinanceDataReader/FinanceDataReader,reviewed,SK하이닉스 3개년 일별 주가 수집 검수 완료 데이터
2024-01-11,000660,SK하이닉스,000660,132400.0,137100.0,132400.0,136000.0,3594909,136000.0,KRW,exchange,https://github.com/FinanceDataReader/FinanceDataReader,reviewed,SK하이닉스 3개년 일별 주가 수집 검수 완료 데이터
2024-01-12,000660,SK하이닉스,000660,136400.0,137300.0,133400.0,134100.0,1878915,134100.0,KRW,exchange,https://github.com/FinanceDataReader/FinanceDataReader,reviewed,SK하이닉스 3개년 일별 주가 수집 검수 완료 데이터
2024-01-15,000660,SK하이닉스,000660,134800.0,135100.0,133300.0,134100.0,1858867,134100.0,KRW,exchange,https://github.com/FinanceDataReader/FinanceDataReader,reviewed,SK하이닉스 3개년 일별 주가 수집 검수 완료 데이터
2024-01-16,000660,SK하이닉스,000660,132600.0,133700.0,131100.0,132100.0,3670169,132100.0,KRW,exchange,https://github.com/FinanceDataReader/FinanceDataReader,reviewed,SK하이닉스 3개년 일별 주가 수집 검수 완료 데이터
2024-01-17,000660,SK하이닉스,000660,133800.0,134500.0,129000.0,131000.0,3822702,131000.0,KRW,exchange,https://github.com/FinanceDataReader/FinanceDataReader,reviewed,SK하이닉스 3개년 일별 주가 수집 검수 완료 데이터
2024-01-18,000660,SK하이닉스,000660,131500.0,136800.0,130600.0,136200.0,3050556,136200.0,KRW,exchange,https://github.com/FinanceDataReader/FinanceDataReader,reviewed,SK하이닉스 3개년 일별 주가 수집 검수 완료 데이터
2024-01-19,000660,SK하이닉스,000660,138700.0,141300.0,137400.0,141300.0,4946040,141300.0,KRW,exchange,https://github.com/FinanceDataReader/FinanceDataReader,reviewed,SK하이닉스 3개년 일별 주가 수집 검수 완료 데이터
2024-01-22,000660,SK하이닉스,000660,145200.0,145400.0,142300.0,142600.0,3784276,142600.0,KRW,exchange,https://github.com/FinanceDataReader/FinanceDataReader,reviewed,SK하이닉스 3개년 일별 주가 수집 검수 완료 데이터
2024-01-23,000660,SK하이닉스,000660,142300.0,142800.0,138300.0,140800.0,2912611,140800.0,KRW,exchange,https://github.com/FinanceDataReader/FinanceDataReader,reviewed,SK하이닉스 3개년 일별 주가 수집 검수 완료 데이터
2024-01-24,000660,SK하이닉스,000660,140000.0,141700.0,137600.0,141500.0,2580665,141500.0,KRW,exchange,https://github.com/FinanceDataReader/FinanceDataReader,reviewed,SK하이닉스 3개년 일별 주가 수집 검수 완료 데이터
2024-01-25,000660,SK하이닉스,000660,142700.0,143700.0,136900.0,137400.0,4708651,137400.0,KRW,exchange,https://github.com/FinanceDataReader/FinanceDataReader,reviewed,SK하이닉스 3개년 일별 주가 수집 검수 완료 데이터
2024-01-26,000660,SK하이닉스,000660,136200.0,138600.0,136000.0,136000.0,3247410,136000.0,KRW,exchange,https://github.com/FinanceDataReader/FinanceDataReader,reviewed,SK하이닉스 3개년 일별 주가 수집 검수 완료 데이터
2024-01-29,000660,SK하이닉스,000660,135500.0,137000.0,135000.0,135000.0,2311854,135000.0,KRW,exchange,https://github.com/FinanceDataReader/FinanceDataReader,reviewed,SK하이닉스 3개년 일별 주가 수집 검수 완료 데이터
2024-01-30,000660,SK하이닉스,000660,135300.0,137800.0,134400.0,136900.0,2297631,136900.0,KRW,exchange,https://github.com/FinanceDataReader/FinanceDataReader,reviewed,SK하이닉스 3개년 일별 주가 수집 검수 완료 데이터
2024-01-31,000660,SK하이닉스,000660,134800.0,136600.0,133600.0,134700.0,2815362,134700.0,KRW,exchange,https://github.com/FinanceDataReader/FinanceDataReader,reviewed,SK하이닉스 3개년 일별 주가 수집 검수 완료 데이터
2024-02-01,000660,SK하이닉스,000660,133100.0,135600.0,131700.0,132700.0,3778274,132700.0,KRW,exchange,https://github.com/FinanceDataReader/FinanceDataReader,reviewed,SK하이닉스 3개년 일별 주가 수집 검수 완료 데이터
2024-02-02,000660,SK하이닉스,000660,132300.0,135300.0,132200.0,134900.0,3708253,134900.0,KRW,exchange,https://github.com/FinanceDataReader/FinanceDataReader,reviewed,SK하이닉스 3개년 일별 주가 수집 검수 완료 데이터
2024-02-05,000660,SK하이닉스,000660,134900.0,135800.0,131700.0,132300.0,3300954,132300.0,KRW,exchange,https://github.com/FinanceDataReader/FinanceDataReader,reviewed,SK하이닉스 3개년 일별 주가 수집 검수 완료 데이터
2024-02-06,000660,SK하이닉스,000660,133700.0,138400.0,132000.0,138000.0,4672324,138000.0,KRW,exchange,https://github.com/FinanceDataReader/FinanceDataReader,reviewed,SK하이닉스 3개년 일별 주가 수집 검수 완료 데이터
2024-02-07,000660,SK하이닉스,000660,136600.0,138500.0,135500.0,138000.0,3348045,138000.0,KRW,exchange,https://github.com/FinanceDataReader/FinanceDataReader,reviewed,SK하이닉스 3개년 일별 주가 수집 검수 완료 데이터
2024-02-08,000660,SK하이닉스,000660,139000.0,143000.0,137900.0,142800.0,5780714,142800.0,KRW,exchange,https://github.com/FinanceDataReader/FinanceDataReader,reviewed,SK하이닉스 3개년 일별 주가 수집 검수 완료 데이터
2024-02-13,000660,SK하이닉스,000660,146800.0,150000.0,145000.0,150000.0,6902585,150000.0,KRW,exchange,https://github.com/FinanceDataReader/FinanceDataReader,reviewed,SK하이닉스 3개년 일별 주가 수집 검수 완료 데이터
2024-02-14,000660,SK하이닉스,000660,146300.0,149200.0,144900.0,148700.0,4396924,148700.0,KRW,exchange,https://github.com/FinanceDataReader/FinanceDataReader,reviewed,SK하이닉스 3개년 일별 주가 수집 검수 완료 데이터
2024-02-15,000660,SK하이닉스,000660,151300.0,152700.0,148000.0,148700.0,3560211,148700.0,KRW,exchange,https://github.com/FinanceDataReader/FinanceDataReader,reviewed,SK하이닉스 3개년 일별 주가 수집 검수 완료 데이터
2024-02-16,000660,SK하이닉스,000660,150600.0,150600.0,145700.0,146800.0,3265836,146800.0,KRW,exchange,https://github.com/FinanceDataReader/FinanceDataReader,reviewed,SK하이닉스 3개년 일별 주가 수집 검수 완료 데이터
2024-02-19,000660,SK하이닉스,000660,146200.0,153200.0,146000.0,151300.0,3997323,151300.0,KRW,exchange,https://github.com/FinanceDataReader/FinanceDataReader,reviewed,SK하이닉스 3개년 일별 주가 수집 검수 완료 데이터
2024-02-20,000660,SK하이닉스,000660,150300.0,151100.0,147500.0,149600.0,3507601,149600.0,KRW,exchange,https://github.com/FinanceDataReader/FinanceDataReader,reviewed,SK하이닉스 3개년 일별 주가 수집 검수 완료 데이터
2024-02-21,000660,SK하이닉스,000660,147100.0,152200.0,147100.0,149000.0,4278500,149000.0,KRW,exchange,https://github.com/FinanceDataReader/FinanceDataReader,reviewed,SK하이닉스 3개년 일별 주가 수집 검수 완료 데이터
2024-02-22,000660,SK하이닉스,000660,154500.0,156500.0,152600.0,156500.0,5966352,156500.0,KRW,exchange,https://github.com/FinanceDataReader/FinanceDataReader,reviewed,SK하이닉스 3개년 일별 주가 수집 검수 완료 데이터
2024-02-23,000660,SK하이닉스,000660,166900.0,166900.0,159800.0,161400.0,7012032,161400.0,KRW,exchange,https://github.com/FinanceDataReader/FinanceDataReader,reviewed,SK하이닉스 3개년 일별 주가 수집 검수 완료 데이터
2024-02-26,000660,SK하이닉스,000660,158400.0,164800.0,158400.0,161800.0,4329477,161800.0,KRW,exchange,https://github.com/FinanceDataReader/FinanceDataReader,reviewed,SK하이닉스 3개년 일별 주가 수집 검수 완료 데이터
2024-02-27,000660,SK하이닉스,000660,159000.0,160000.0,153300.0,153800.0,6107954,153800.0,KRW,exchange,https://github.com/FinanceDataReader/FinanceDataReader,reviewed,SK하이닉스 3개년 일별 주가 수집 검수 완료 데이터
2024-02-28,000660,SK하이닉스,000660,154500.0,159200.0,153800.0,158000.0,3666960,158000.0,KRW,exchange,https://github.com/FinanceDataReader/FinanceDataReader,reviewed,SK하이닉스 3개년 일별 주가 수집 검수 완료 데이터
2024-02-29,000660,SK하이닉스,000660,154900.0,158400.0,154500.0,156200.0,3386307,156200.0,KRW,exchange,https://github.com/FinanceDataReader/FinanceDataReader,reviewed,SK하이닉스 3개년 일별 주가 수집 검수 완료 데이터
2024-03-04,000660,SK하이닉스,000660,161000.0,168100.0,160700.0,166500.0,5230909,166500.0,KRW,exchange,https://github.com/FinanceDataReader/FinanceDataReader,reviewed,SK하이닉스 3개년 일별 주가 수집 검수 완료 데이터
2024-03-05,000660,SK하이닉스,000660,165100.0,169000.0,164100.0,165800.0,3612530,165800.0,KRW,exchange,https://github.com/FinanceDataReader/FinanceDataReader,reviewed,SK하이닉스 3개년 일별 주가 수집 검수 완료 데이터
2024-03-06,000660,SK하이닉스,000660,164100.0,165500.0,162700.0,162900.0,2672526,162900.0,KRW,exchange,https://github.com/FinanceDataReader/FinanceDataReader,reviewed,SK하이닉스 3개년 일별 주가 수집 검수 완료 데이터
2024-03-07,000660,SK하이닉스,000660,164500.0,165900.0,161000.0,164900.0,3052700,164900.0,KRW,exchange,https://github.com/FinanceDataReader/FinanceDataReader,reviewed,SK하이닉스 3개년 일별 주가 수집 검수 완료 데이터
2024-03-08,000660,SK하이닉스,000660,169800.0,174900.0,169300.0,171900.0,5089650,171900.0,KRW,exchange,https://github.com/FinanceDataReader/FinanceDataReader,reviewed,SK하이닉스 3개년 일별 주가 수집 검수 완료 데이터
2024-03-11,000660,SK하이닉스,000660,165000.0,168900.0,164700.0,166600.0,3450905,166600.0,KRW,exchange,https://github.com/FinanceDataReader/FinanceDataReader,reviewed,SK하이닉스 3개년 일별 주가 수집 검수 완료 데이터
2024-03-12,000660,SK하이닉스,000660,166100.0,167200.0,164000.0,165700.0,3102706,165700.0,KRW,exchange,https://github.com/FinanceDataReader/FinanceDataReader,reviewed,SK하이닉스 3개년 일별 주가 수집 검수 완료 데이터
2024-03-13,000660,SK하이닉스,000660,168600.0,169700.0,162000.0,163600.0,5072935,163600.0,KRW,exchange,https://github.com/FinanceDataReader/FinanceDataReader,reviewed,SK하이닉스 3개년 일별 주가 수집 검수 완료 데이터
2024-03-14,000660,SK하이닉스,000660,163600.0,164200.0,161100.0,161900.0,3655060,161900.0,KRW,exchange,https://github.com/FinanceDataReader/FinanceDataReader,reviewed,SK하이닉스 3개년 일별 주가 수집 검수 완료 데이터
2024-03-15,000660,SK하이닉스,000660,159600.0,162900.0,158600.0,161200.0,4099531,161200.0,KRW,exchange,https://github.com/FinanceDataReader/FinanceDataReader,reviewed,SK하이닉스 3개년 일별 주가 수집 검수 완료 데이터
2024-03-18,000660,SK하이닉스,000660,161200.0,164500.0,161000.0,164300.0,2696598,164300.0,KRW,exchange,https://github.com/FinanceDataReader/FinanceDataReader,reviewed,SK하이닉스 3개년 일별 주가 수집 검수 완료 데이터
2024-03-19,000660,SK하이닉스,000660,161700.0,161800.0,157600.0,160200.0,4159293,160200.0,KRW,exchange,https://github.com/FinanceDataReader/FinanceDataReader,reviewed,SK하이닉스 3개년 일별 주가 수집 검수 완료 데이터
2024-03-20,000660,SK하이닉스,000660,160200.0,161400.0,154100.0,156500.0,5692523,156500.0,KRW,exchange,https://github.com/FinanceDataReader/FinanceDataReader,reviewed,SK하이닉스 3개년 일별 주가 수집 검수 완료 데이터
2024-03-21,000660,SK하이닉스,000660,165200.0,171400.0,162600.0,170000.0,9205769,170000.0,KRW,exchange,https://github.com/FinanceDataReader/FinanceDataReader,reviewed,SK하이닉스 3개년 일별 주가 수집 검수 완료 데이터
2024-03-22,000660,SK하이닉스,000660,169000.0,173900.0,167400.0,169800.0,5400916,169800.0,KRW,exchange,https://github.com/FinanceDataReader/FinanceDataReader,reviewed,SK하이닉스 3개년 일별 주가 수집 검수 완료 데이터
2024-03-25,000660,SK하이닉스,000660,170500.0,174800.0,168500.0,169400.0,3434516,169400.0,KRW,exchange,https://github.com/FinanceDataReader/FinanceDataReader,reviewed,SK하이닉스 3개년 일별 주가 수집 검수 완료 데이터
2024-03-26,000660,SK하이닉스,000660,172000.0,179500.0,171900.0,176600.0,6549669,176600.0,KRW,exchange,https://github.com/FinanceDataReader/FinanceDataReader,reviewed,SK하이닉스 3개년 일별 주가 수집 검수 완료 데이터
2024-03-27,000660,SK하이닉스,000660,176700.0,183000.0,175600.0,181200.0,5774536,181200.0,KRW,exchange,https://github.com/FinanceDataReader/FinanceDataReader,reviewed,SK하이닉스 3개년 일별 주가 수집 검수 완료 데이터
2024-03-28,000660,SK하이닉스,000660,178000.0,182100.0,178000.0,178200.0,3424716,178200.0,KRW,exchange,https://github.com/FinanceDataReader/FinanceDataReader,reviewed,SK하이닉스 3개년 일별 주가 수집 검수 완료 데이터
2024-03-29,000660,SK하이닉스,000660,179200.0,183900.0,177600.0,183000.0,3035080,183000.0,KRW,exchange,https://github.com/FinanceDataReader/FinanceDataReader,reviewed,SK하이닉스 3개년 일별 주가 수집 검수 완료 데이터
2024-04-01,000660,SK하이닉스,000660,186400.0,190500.0,185000.0,185500.0,2723474,185500.0,KRW,exchange,https://github.com/FinanceDataReader/FinanceDataReader,reviewed,SK하이닉스 3개년 일별 주가 수집 검수 완료 데이터
2024-04-02,000660,SK하이닉스,000660,188000.0,190000.0,184400.0,186300.0,4207759,186300.0,KRW,exchange,https://github.com/FinanceDataReader/FinanceDataReader,reviewed,SK하이닉스 3개년 일별 주가 수집 검수 완료 데이터
2024-04-03,000660,SK하이닉스,000660,182000.0,183700.0,178200.0,179200.0,5416518,179200.0,KRW,exchange,https://github.com/FinanceDataReader/FinanceDataReader,reviewed,SK하이닉스 3개년 일별 주가 수집 검수 완료 데이터
2024-04-04,000660,SK하이닉스,000660,184400.0,188500.0,184000.0,188000.0,5344102,188000.0,KRW,exchange,https://github.com/FinanceDataReader/FinanceDataReader,reviewed,SK하이닉스 3개년 일별 주가 수집 검수 완료 데이터
2024-04-05,000660,SK하이닉스,000660,184800.0,187600.0,181800.0,182800.0,4043133,182800.0,KRW,exchange,https://github.com/FinanceDataReader/FinanceDataReader,reviewed,SK하이닉스 3개년 일별 주가 수집 검수 완료 데이터
2024-04-08,000660,SK하이닉스,000660,183900.0,183900.0,180000.0,181200.0,3278855,181200.0,KRW,exchange,https://github.com/FinanceDataReader/FinanceDataReader,reviewed,SK하이닉스 3개년 일별 주가 수집 검수 완료 데이터
2024-04-09,000660,SK하이닉스,000660,182300.0,185300.0,181700.0,182900.0,2302751,182900.0,KRW,exchange,https://github.com/FinanceDataReader/FinanceDataReader,reviewed,SK하이닉스 3개년 일별 주가 수집 검수 완료 데이터
2024-04-11,000660,SK하이닉스,000660,182900.0,188400.0,182400.0,188400.0,4098231,188400.0,KRW,exchange,https://github.com/FinanceDataReader/FinanceDataReader,reviewed,SK하이닉스 3개년 일별 주가 수집 검수 완료 데이터
2024-04-12,000660,SK하이닉스,000660,188700.0,191400.0,187000.0,187400.0,3097301,187400.0,KRW,exchange,https://github.com/FinanceDataReader/FinanceDataReader,reviewed,SK하이닉스 3개년 일별 주가 수집 검수 완료 데이터
2024-04-15,000660,SK하이닉스,000660,185400.0,188400.0,183000.0,188200.0,2672047,188200.0,KRW,exchange,https://github.com/FinanceDataReader/FinanceDataReader,reviewed,SK하이닉스 3개년 일별 주가 수집 검수 완료 데이터
2024-04-16,000660,SK하이닉스,000660,184400.0,185500.0,178300.0,179100.0,4956035,179100.0,KRW,exchange,https://github.com/FinanceDataReader/FinanceDataReader,reviewed,SK하이닉스 3개년 일별 주가 수집 검수 완료 데이터
2024-04-17,000660,SK하이닉스,000660,179600.0,182500.0,177700.0,178700.0,4340591,178700.0,KRW,exchange,https://github.com/FinanceDataReader/FinanceDataReader,reviewed,SK하이닉스 3개년 일별 주가 수집 검수 완료 데이터
2024-04-18,000660,SK하이닉스,000660,176000.0,183300.0,175400.0,182300.0,4170243,182300.0,KRW,exchange,https://github.com/FinanceDataReader/FinanceDataReader,reviewed,SK하이닉스 3개년 일별 주가 수집 검수 완료 데이터
2024-04-19,000660,SK하이닉스,000660,177200.0,178500.0,169500.0,173300.0,7545976,173300.0,KRW,exchange,https://github.com/FinanceDataReader/FinanceDataReader,reviewed,SK하이닉스 3개년 일별 주가 수집 검수 완료 데이터
2024-04-22,000660,SK하이닉스,000660,170700.0,172400.0,167000.0,171600.0,5882906,171600.0,KRW,exchange,https://github.com/FinanceDataReader/FinanceDataReader,reviewed,SK하이닉스 3개년 일별 주가 수집 검수 완료 데이터
2024-04-23,000660,SK하이닉스,000660,172600.0,173700.0,169700.0,171000.0,3975371,171000.0,KRW,exchange,https://github.com/FinanceDataReader/FinanceDataReader,reviewed,SK하이닉스 3개년 일별 주가 수집 검수 완료 데이터
2024-04-24,000660,SK하이닉스,000660,178900.0,180200.0,176300.0,179800.0,4254632,179800.0,KRW,exchange,https://github.com/FinanceDataReader/FinanceDataReader,reviewed,SK하이닉스 3개년 일별 주가 수집 검수 완료 데이터
2024-04-25,000660,SK하이닉스,000660,173800.0,176700.0,170600.0,170600.0,5332149,170600.0,KRW,exchange,https://github.com/FinanceDataReader/FinanceDataReader,reviewed,SK하이닉스 3개년 일별 주가 수집 검수 완료 데이터
2024-04-26,000660,SK하이닉스,000660,176200.0,178300.0,174900.0,177800.0,5471765,177800.0,KRW,exchange,https://github.com/FinanceDataReader/FinanceDataReader,reviewed,SK하이닉스 3개년 일별 주가 수집 검수 완료 데이터
2024-04-29,000660,SK하이닉스,000660,179100.0,180400.0,175600.0,175900.0,2892809,175900.0,KRW,exchange,https://github.com/FinanceDataReader/FinanceDataReader,reviewed,SK하이닉스 3개년 일별 주가 수집 검수 완료 데이터
2024-04-30,000660,SK하이닉스,000660,175900.0,179000.0,173800.0,174200.0,3655060,174200.0,KRW,exchange,https://github.com/FinanceDataReader/FinanceDataReader,reviewed,SK하이닉스 3개년 일별 주가 수집 검수 완료 데이터
2024-05-02,000660,SK하이닉스,000660,169000.0,174700.0,169000.0,173600.0,3168250,173600.0,KRW,exchange,https://github.com/FinanceDataReader/FinanceDataReader,reviewed,SK하이닉스 3개년 일별 주가 수집 검수 완료 데이터
2024-05-03,000660,SK하이닉스,000660,177000.0,177500.0,173200.0,173200.0,2336256,173200.0,KRW,exchange,https://github.com/FinanceDataReader/FinanceDataReader,reviewed,SK하이닉스 3개년 일별 주가 수집 검수 완료 데이터
2024-05-07,000660,SK하이닉스,000660,179400.0,180900.0,179300.0,179600.0,4349589,179600.0,KRW,exchange,https://github.com/FinanceDataReader/FinanceDataReader,reviewed,SK하이닉스 3개년 일별 주가 수집 검수 완료 데이터
2024-05-08,000660,SK하이닉스,000660,177600.0,179400.0,176000.0,178000.0,2304744,178000.0,KRW,exchange,https://github.com/FinanceDataReader/FinanceDataReader,reviewed,SK하이닉스 3개년 일별 주가 수집 검수 완료 데이터
2024-05-09,000660,SK하이닉스,000660,179000.0,179400.0,175400.0,175400.0,2861600,175400.0,KRW,exchange,https://github.com/FinanceDataReader/FinanceDataReader,reviewed,SK하이닉스 3개년 일별 주가 수집 검수 완료 데이터
2024-05-10,000660,SK하이닉스,000660,176500.0,180100.0,176400.0,179900.0,2813668,179900.0,KRW,exchange,https://github.com/FinanceDataReader/FinanceDataReader,reviewed,SK하이닉스 3개년 일별 주가 수집 검수 완료 데이터
2024-05-13,000660,SK하이닉스,000660,180000.0,184000.0,179000.0,183800.0,3230023,183800.0,KRW,exchange,https://github.com/FinanceDataReader/FinanceDataReader,reviewed,SK하이닉스 3개년 일별 주가 수집 검수 완료 데이터
2024-05-14,000660,SK하이닉스,000660,184200.0,185800.0,181800.0,185300.0,2763069,185300.0,KRW,exchange,https://github.com/FinanceDataReader/FinanceDataReader,reviewed,SK하이닉스 3개년 일별 주가 수집 검수 완료 데이터
2024-05-16,000660,SK하이닉스,000660,191100.0,194000.0,191100.0,193000.0,5083178,193000.0,KRW,exchange,https://github.com/FinanceDataReader/FinanceDataReader,reviewed,SK하이닉스 3개년 일별 주가 수집 검수 완료 데이터
2024-05-17,000660,SK하이닉스,000660,192000.0,193500.0,189900.0,189900.0,2841394,189900.0,KRW,exchange,https://github.com/FinanceDataReader/FinanceDataReader,reviewed,SK하이닉스 3개년 일별 주가 수집 검수 완료 데이터
2024-05-20,000660,SK하이닉스,000660,192300.0,193200.0,188600.0,190100.0,3592128,190100.0,KRW,exchange,https://github.com/FinanceDataReader/FinanceDataReader,reviewed,SK하이닉스 3개년 일별 주가 수집 검수 완료 데이터
2024-05-21,000660,SK하이닉스,000660,193400.0,193500.0,191200.0,192000.0,2468109,192000.0,KRW,exchange,https://github.com/FinanceDataReader/FinanceDataReader,reviewed,SK하이닉스 3개년 일별 주가 수집 검수 완료 데이터
2024-05-22,000660,SK하이닉스,000660,191900.0,197700.0,190900.0,197700.0,3949439,197700.0,KRW,exchange,https://github.com/FinanceDataReader/FinanceDataReader,reviewed,SK하이닉스 3개년 일별 주가 수집 검수 완료 데이터
2024-05-23,000660,SK하이닉스,000660,203500.0,204000.0,198200.0,200000.0,4681849,200000.0,KRW,exchange,https://github.com/FinanceDataReader/FinanceDataReader,reviewed,SK하이닉스 3개년 일별 주가 수집 검수 완료 데이터
2024-05-24,000660,SK하이닉스,000660,199800.0,202500.0,197500.0,198600.0,3793872,198600.0,KRW,exchange,https://github.com/FinanceDataReader/FinanceDataReader,reviewed,SK하이닉스 3개년 일별 주가 수집 검수 완료 데이터
2024-05-27,000660,SK하이닉스,000660,203500.0,209000.0,199100.0,201500.0,4774882,201500.0,KRW,exchange,https://github.com/FinanceDataReader/FinanceDataReader,reviewed,SK하이닉스 3개년 일별 주가 수집 검수 완료 데이터
2024-05-28,000660,SK하이닉스,000660,202500.0,205500.0,200500.0,202500.0,2084945,202500.0,KRW,exchange,https://github.com/FinanceDataReader/FinanceDataReader,reviewed,SK하이닉스 3개년 일별 주가 수집 검수 완료 데이터
2024-05-29,000660,SK하이닉스,000660,210000.0,210000.0,200500.0,202500.0,3073139,202500.0,KRW,exchange,https://github.com/FinanceDataReader/FinanceDataReader,reviewed,SK하이닉스 3개년 일별 주가 수집 검수 완료 데이터
2024-05-30,000660,SK하이닉스,000660,202500.0,202500.0,195700.0,195700.0,2402236,195700.0,KRW,exchange,https://github.com/FinanceDataReader/FinanceDataReader,reviewed,SK하이닉스 3개년 일별 주가 수집 검수 완료 데이터
2024-05-31,000660,SK하이닉스,000660,194400.0,195200.0,188200.0,189200.0,5958829,189200.0,KRW,exchange,https://github.com/FinanceDataReader/FinanceDataReader,reviewed,SK하이닉스 3개년 일별 주가 수집 검수 완료 데이터
2024-06-03,000660,SK하이닉스,000660,189500.0,194600.0,188200.0,194200.0,2982443,194200.0,KRW,exchange,https://github.com/FinanceDataReader/FinanceDataReader,reviewed,SK하이닉스 3개년 일별 주가 수집 검수 완료 데이터
2024-06-04,000660,SK하이닉스,000660,196400.0,196500.0,192900.0,193300.0,1996780,193300.0,KRW,exchange,https://github.com/FinanceDataReader/FinanceDataReader,reviewed,SK하이닉스 3개년 일별 주가 수집 검수 완료 데이터
2024-06-05,000660,SK하이닉스,000660,189400.0,195200.0,188800.0,193700.0,2709631,193700.0,KRW,exchange,https://github.com/FinanceDataReader/FinanceDataReader,reviewed,SK하이닉스 3개년 일별 주가 수집 검수 완료 데이터
2024-06-07,000660,SK하이닉스,000660,199500.0,207500.0,197300.0,207500.0,4805326,207500.0,KRW,exchange,https://github.com/FinanceDataReader/FinanceDataReader,reviewed,SK하이닉스 3개년 일별 주가 수집 검수 완료 데이터
2024-06-10,000660,SK하이닉스,000660,206000.0,209500.0,205000.0,208000.0,2448961,208000.0,KRW,exchange,https://github.com/FinanceDataReader/FinanceDataReader,reviewed,SK하이닉스 3개년 일별 주가 수집 검수 완료 데이터
2024-06-11,000660,SK하이닉스,000660,210000.0,215000.0,206000.0,212500.0,3070163,212500.0,KRW,exchange,https://github.com/FinanceDataReader/FinanceDataReader,reviewed,SK하이닉스 3개년 일별 주가 수집 검수 완료 데이터
2024-06-12,000660,SK하이닉스,000660,212000.0,216000.0,211000.0,215000.0,2151331,215000.0,KRW,exchange,https://github.com/FinanceDataReader/FinanceDataReader,reviewed,SK하이닉스 3개년 일별 주가 수집 검수 완료 데이터
2024-06-13,000660,SK하이닉스,000660,226000.0,226500.0,219000.0,222000.0,5777279,222000.0,KRW,exchange,https://github.com/FinanceDataReader/FinanceDataReader,reviewed,SK하이닉스 3개년 일별 주가 수집 검수 완료 데이터
2024-06-14,000660,SK하이닉스,000660,225000.0,225000.0,216000.0,221000.0,3311223,221000.0,KRW,exchange,https://github.com/FinanceDataReader/FinanceDataReader,reviewed,SK하이닉스 3개년 일별 주가 수집 검수 완료 데이터
2024-06-17,000660,SK하이닉스,000660,219000.0,229500.0,219000.0,223000.0,2198340,223000.0,KRW,exchange,https://github.com/FinanceDataReader/FinanceDataReader,reviewed,SK하이닉스 3개년 일별 주가 수집 검수 완료 데이터
2024-06-18,000660,SK하이닉스,000660,227000.0,234500.0,227000.0,234500.0,3136231,234500.0,KRW,exchange,https://github.com/FinanceDataReader/FinanceDataReader,reviewed,SK하이닉스 3개년 일별 주가 수집 검수 완료 데이터
2024-06-19,000660,SK하이닉스,000660,235000.0,243000.0,231500.0,233500.0,3758652,233500.0,KRW,exchange,https://github.com/FinanceDataReader/FinanceDataReader,reviewed,SK하이닉스 3개년 일별 주가 수집 검수 완료 데이터
2024-06-20,000660,SK하이닉스,000660,233500.0,238500.0,231000.0,237500.0,2927358,237500.0,KRW,exchange,https://github.com/FinanceDataReader/FinanceDataReader,reviewed,SK하이닉스 3개년 일별 주가 수집 검수 완료 데이터
2024-06-21,000660,SK하이닉스,000660,230500.0,234500.0,230000.0,234000.0,3848394,234000.0,KRW,exchange,https://github.com/FinanceDataReader/FinanceDataReader,reviewed,SK하이닉스 3개년 일별 주가 수집 검수 완료 데이터
2024-06-24,000660,SK하이닉스,000660,228000.0,230000.0,220000.0,223000.0,5080726,223000.0,KRW,exchange,https://github.com/FinanceDataReader/FinanceDataReader,reviewed,SK하이닉스 3개년 일별 주가 수집 검수 완료 데이터
2024-06-25,000660,SK하이닉스,000660,215500.0,225000.0,215000.0,225000.0,5730999,225000.0,KRW,exchange,https://github.com/FinanceDataReader/FinanceDataReader,reviewed,SK하이닉스 3개년 일별 주가 수집 검수 완료 데이터
2024-06-26,000660,SK하이닉스,000660,228000.0,238500.0,227500.0,237000.0,5166862,237000.0,KRW,exchange,https://github.com/FinanceDataReader/FinanceDataReader,reviewed,SK하이닉스 3개년 일별 주가 수집 검수 완료 데이터
2024-06-27,000660,SK하이닉스,000660,229500.0,239000.0,227500.0,236500.0,3763005,236500.0,KRW,exchange,https://github.com/FinanceDataReader/FinanceDataReader,reviewed,SK하이닉스 3개년 일별 주가 수집 검수 완료 데이터
2024-06-28,000660,SK하이닉스,000660,235500.0,237500.0,232500.0,236500.0,2368287,236500.0,KRW,exchange,https://github.com/FinanceDataReader/FinanceDataReader,reviewed,SK하이닉스 3개년 일별 주가 수집 검수 완료 데이터
2024-07-01,000660,SK하이닉스,000660,233500.0,236500.0,232000.0,235500.0,1709955,235500.0,KRW,exchange,https://github.com/FinanceDataReader/FinanceDataReader,reviewed,SK하이닉스 3개년 일별 주가 수집 검수 완료 데이터
2024-07-02,000660,SK하이닉스,000660,235500.0,237000.0,230500.0,232000.0,2343947,232000.0,KRW,exchange,https://github.com/FinanceDataReader/FinanceDataReader,reviewed,SK하이닉스 3개년 일별 주가 수집 검수 완료 데이터
2024-07-03,000660,SK하이닉스,000660,231000.0,236000.0,225000.0,236000.0,3315677,236000.0,KRW,exchange,https://github.com/FinanceDataReader/FinanceDataReader,reviewed,SK하이닉스 3개년 일별 주가 수집 검수 완료 데이터
2024-07-04,000660,SK하이닉스,000660,240500.0,240500.0,225000.0,230000.0,7599882,230000.0,KRW,exchange,https://github.com/FinanceDataReader/FinanceDataReader,reviewed,SK하이닉스 3개년 일별 주가 수집 검수 완료 데이터
2024-07-05,000660,SK하이닉스,000660,228500.0,237500.0,227500.0,236000.0,4041293,236000.0,KRW,exchange,https://github.com/FinanceDataReader/FinanceDataReader,reviewed,SK하이닉스 3개년 일별 주가 수집 검수 완료 데이터
2024-07-08,000660,SK하이닉스,000660,234000.0,237000.0,232500.0,233500.0,2309023,233500.0,KRW,exchange,https://github.com/FinanceDataReader/FinanceDataReader,reviewed,SK하이닉스 3개년 일별 주가 수집 검수 완료 데이터
2024-07-09,000660,SK하이닉스,000660,235500.0,241000.0,233000.0,238500.0,4810781,238500.0,KRW,exchange,https://github.com/FinanceDataReader/FinanceDataReader,reviewed,SK하이닉스 3개년 일별 주가 수집 검수 완료 데이터
2024-07-10,000660,SK하이닉스,000660,237500.0,239000.0,234000.0,239000.0,2579373,239000.0,KRW,exchange,https://github.com/FinanceDataReader/FinanceDataReader,reviewed,SK하이닉스 3개년 일별 주가 수집 검수 완료 데이터
2024-07-11,000660,SK하이닉스,000660,242500.0,248500.0,241000.0,241000.0,5336097,241000.0,KRW,exchange,https://github.com/FinanceDataReader/FinanceDataReader,reviewed,SK하이닉스 3개년 일별 주가 수집 검수 완료 데이터
2024-07-12,000660,SK하이닉스,000660,232000.0,236000.0,230000.0,233000.0,4972976,233000.0,KRW,exchange,https://github.com/FinanceDataReader/FinanceDataReader,reviewed,SK하이닉스 3개년 일별 주가 수집 검수 완료 데이터
2024-07-15,000660,SK하이닉스,000660,235000.0,235500.0,226500.0,230000.0,3301380,230000.0,KRW,exchange,https://github.com/FinanceDataReader/FinanceDataReader,reviewed,SK하이닉스 3개년 일별 주가 수집 검수 완료 데이터
2024-07-16,000660,SK하이닉스,000660,226500.0,235000.0,224000.0,233000.0,3982189,233000.0,KRW,exchange,https://github.com/FinanceDataReader/FinanceDataReader,reviewed,SK하이닉스 3개년 일별 주가 수집 검수 완료 데이터
2024-07-17,000660,SK하이닉스,000660,229500.0,230000.0,220500.0,220500.0,6051510,220500.0,KRW,exchange,https://github.com/FinanceDataReader/FinanceDataReader,reviewed,SK하이닉스 3개년 일별 주가 수집 검수 완료 데이터
2024-07-18,000660,SK하이닉스,000660,212500.0,215000.0,209000.0,212500.0,8847665,212500.0,KRW,exchange,https://github.com/FinanceDataReader/FinanceDataReader,reviewed,SK하이닉스 3개년 일별 주가 수집 검수 완료 데이터
2024-07-19,000660,SK하이닉스,000660,208500.0,214000.0,207000.0,209500.0,4519170,209500.0,KRW,exchange,https://github.com/FinanceDataReader/FinanceDataReader,reviewed,SK하이닉스 3개년 일별 주가 수집 검수 완료 데이터
2024-07-22,000660,SK하이닉스,000660,209000.0,209500.0,200500.0,205000.0,6662441,205000.0,KRW,exchange,https://github.com/FinanceDataReader/FinanceDataReader,reviewed,SK하이닉스 3개년 일별 주가 수집 검수 완료 데이터
2024-07-23,000660,SK하이닉스,000660,208500.0,209500.0,200500.0,205000.0,5976519,205000.0,KRW,exchange,https://github.com/FinanceDataReader/FinanceDataReader,reviewed,SK하이닉스 3개년 일별 주가 수집 검수 완료 데이터
2024-07-24,000660,SK하이닉스,000660,202000.0,212500.0,200000.0,208500.0,4838734,208500.0,KRW,exchange,https://github.com/FinanceDataReader/FinanceDataReader,reviewed,SK하이닉스 3개년 일별 주가 수집 검수 완료 데이터
2024-07-25,000660,SK하이닉스,000660,196200.0,198800.0,189000.0,190000.0,12503762,190000.0,KRW,exchange,https://github.com/FinanceDataReader/FinanceDataReader,reviewed,SK하이닉스 3개년 일별 주가 수집 검수 완료 데이터
2024-07-26,000660,SK하이닉스,000660,190800.0,194500.0,186100.0,191800.0,8769107,191800.0,KRW,exchange,https://github.com/FinanceDataReader/FinanceDataReader,reviewed,SK하이닉스 3개년 일별 주가 수집 검수 완료 데이터
2024-07-29,000660,SK하이닉스,000660,195000.0,195700.0,192200.0,195600.0,4017366,195600.0,KRW,exchange,https://github.com/FinanceDataReader/FinanceDataReader,reviewed,SK하이닉스 3개년 일별 주가 수집 검수 완료 데이터
2024-07-30,000660,SK하이닉스,000660,191300.0,192200.0,186500.0,188900.0,5165131,188900.0,KRW,exchange,https://github.com/FinanceDataReader/FinanceDataReader,reviewed,SK하이닉스 3개년 일별 주가 수집 검수 완료 데이터
2024-07-31,000660,SK하이닉스,000660,188000.0,195000.0,185200.0,194600.0,6439929,194600.0,KRW,exchange,https://github.com/FinanceDataReader/FinanceDataReader,reviewed,SK하이닉스 3개년 일별 주가 수집 검수 완료 데이터
2024-08-01,000660,SK하이닉스,000660,201500.0,201500.0,193300.0,193300.0,6457167,193300.0,KRW,exchange,https://github.com/FinanceDataReader/FinanceDataReader,reviewed,SK하이닉스 3개년 일별 주가 수집 검수 완료 데이터
2024-08-02,000660,SK하이닉스,000660,183600.0,184000.0,172400.0,173200.0,13050139,173200.0,KRW,exchange,https://github.com/FinanceDataReader/FinanceDataReader,reviewed,SK하이닉스 3개년 일별 주가 수집 검수 완료 데이터
2024-08-05,000660,SK하이닉스,000660,168000.0,171200.0,151600.0,156100.0,12358821,156100.0,KRW,exchange,https://github.com/FinanceDataReader/FinanceDataReader,reviewed,SK하이닉스 3개년 일별 주가 수집 검수 완료 데이터
2024-08-06,000660,SK하이닉스,000660,165100.0,166400.0,161500.0,163700.0,10717321,163700.0,KRW,exchange,https://github.com/FinanceDataReader/FinanceDataReader,reviewed,SK하이닉스 3개년 일별 주가 수집 검수 완료 데이터
2024-08-07,000660,SK하이닉스,000660,160900.0,171000.0,157400.0,169300.0,9732037,169300.0,KRW,exchange,https://github.com/FinanceDataReader/FinanceDataReader,reviewed,SK하이닉스 3개년 일별 주가 수집 검수 완료 데이터
2024-08-08,000660,SK하이닉스,000660,162600.0,168200.0,161200.0,163400.0,5370361,163400.0,KRW,exchange,https://github.com/FinanceDataReader/FinanceDataReader,reviewed,SK하이닉스 3개년 일별 주가 수집 검수 완료 데이터
2024-08-09,000660,SK하이닉스,000660,172800.0,172800.0,168800.0,171500.0,5141277,171500.0,KRW,exchange,https://github.com/FinanceDataReader/FinanceDataReader,reviewed,SK하이닉스 3개년 일별 주가 수집 검수 완료 데이터
2024-08-12,000660,SK하이닉스,000660,174500.0,179800.0,172600.0,177000.0,4413736,177000.0,KRW,exchange,https://github.com/FinanceDataReader/FinanceDataReader,reviewed,SK하이닉스 3개년 일별 주가 수집 검수 완료 데이터
2024-08-13,000660,SK하이닉스,000660,179900.0,182400.0,178800.0,181900.0,4234287,181900.0,KRW,exchange,https://github.com/FinanceDataReader/FinanceDataReader,reviewed,SK하이닉스 3개년 일별 주가 수집 검수 완료 데이터
2024-08-14,000660,SK하이닉스,000660,188000.0,188100.0,184700.0,186700.0,4420516,186700.0,KRW,exchange,https://github.com/FinanceDataReader/FinanceDataReader,reviewed,SK하이닉스 3개년 일별 주가 수집 검수 완료 데이터
2024-08-16,000660,SK하이닉스,000660,196000.0,200000.0,194700.0,199700.0,6959688,199700.0,KRW,exchange,https://github.com/FinanceDataReader/FinanceDataReader,reviewed,SK하이닉스 3개년 일별 주가 수집 검수 완료 데이터
2024-08-19,000660,SK하이닉스,000660,199900.0,199900.0,192400.0,193900.0,3977026,193900.0,KRW,exchange,https://github.com/FinanceDataReader/FinanceDataReader,reviewed,SK하이닉스 3개년 일별 주가 수집 검수 완료 데이터
2024-08-20,000660,SK하이닉스,000660,198700.0,202500.0,198100.0,199700.0,4258190,199700.0,KRW,exchange,https://github.com/FinanceDataReader/FinanceDataReader,reviewed,SK하이닉스 3개년 일별 주가 수집 검수 완료 데이터
2024-08-21,000660,SK하이닉스,000660,193000.0,195400.0,191100.0,192600.0,4508983,192600.0,KRW,exchange,https://github.com/FinanceDataReader/FinanceDataReader,reviewed,SK하이닉스 3개년 일별 주가 수집 검수 완료 데이터
2024-08-22,000660,SK하이닉스,000660,192000.0,194400.0,189000.0,191100.0,3166217,191100.0,KRW,exchange,https://github.com/FinanceDataReader/FinanceDataReader,reviewed,SK하이닉스 3개년 일별 주가 수집 검수 완료 데이터
2024-08-23,000660,SK하이닉스,000660,186000.0,189300.0,185400.0,185500.0,4371332,185500.0,KRW,exchange,https://github.com/FinanceDataReader/FinanceDataReader,reviewed,SK하이닉스 3개년 일별 주가 수집 검수 완료 데이터
2024-08-26,000660,SK하이닉스,000660,187800.0,188500.0,179600.0,179600.0,4913204,179600.0,KRW,exchange,https://github.com/FinanceDataReader/FinanceDataReader,reviewed,SK하이닉스 3개년 일별 주가 수집 검수 완료 데이터
2024-08-27,000660,SK하이닉스,000660,176800.0,180200.0,173400.0,175000.0,5796566,175000.0,KRW,exchange,https://github.com/FinanceDataReader/FinanceDataReader,reviewed,SK하이닉스 3개년 일별 주가 수집 검수 완료 데이터
2024-08-28,000660,SK하이닉스,000660,175000.0,180800.0,174000.0,179300.0,5590086,179300.0,KRW,exchange,https://github.com/FinanceDataReader/FinanceDataReader,reviewed,SK하이닉스 3개년 일별 주가 수집 검수 완료 데이터
2024-08-29,000660,SK하이닉스,000660,167600.0,171700.0,167200.0,169700.0,8284585,169700.0,KRW,exchange,https://github.com/FinanceDataReader/FinanceDataReader,reviewed,SK하이닉스 3개년 일별 주가 수집 검수 완료 데이터
2024-08-30,000660,SK하이닉스,000660,171000.0,175500.0,169400.0,173700.0,4498221,173700.0,KRW,exchange,https://github.com/FinanceDataReader/FinanceDataReader,reviewed,SK하이닉스 3개년 일별 주가 수집 검수 완료 데이터
2024-09-02,000660,SK하이닉스,000660,173600.0,174900.0,168400.0,174000.0,3507670,174000.0,KRW,exchange,https://github.com/FinanceDataReader/FinanceDataReader,reviewed,SK하이닉스 3개년 일별 주가 수집 검수 완료 데이터
2024-09-03,000660,SK하이닉스,000660,172900.0,173800.0,168300.0,168300.0,3286574,168300.0,KRW,exchange,https://github.com/FinanceDataReader/FinanceDataReader,reviewed,SK하이닉스 3개년 일별 주가 수집 검수 완료 데이터
2024-09-04,000660,SK하이닉스,000660,152900.0,159000.0,152900.0,154800.0,10020391,154800.0,KRW,exchange,https://github.com/FinanceDataReader/FinanceDataReader,reviewed,SK하이닉스 3개년 일별 주가 수집 검수 완료 데이터
2024-09-05,000660,SK하이닉스,000660,157000.0,163000.0,156600.0,159400.0,5349484,159400.0,KRW,exchange,https://github.com/FinanceDataReader/FinanceDataReader,reviewed,SK하이닉스 3개년 일별 주가 수집 검수 완료 데이터
2024-09-06,000660,SK하이닉스,000660,157100.0,158200.0,154900.0,156400.0,3459914,156400.0,KRW,exchange,https://github.com/FinanceDataReader/FinanceDataReader,reviewed,SK하이닉스 3개년 일별 주가 수집 검수 완료 데이터
2024-09-09,000660,SK하이닉스,000660,151800.0,157700.0,150500.0,157000.0,4484162,157000.0,KRW,exchange,https://github.com/FinanceDataReader/FinanceDataReader,reviewed,SK하이닉스 3개년 일별 주가 수집 검수 완료 데이터
2024-09-10,000660,SK하이닉스,000660,157400.0,161700.0,154300.0,155500.0,4718523,155500.0,KRW,exchange,https://github.com/FinanceDataReader/FinanceDataReader,reviewed,SK하이닉스 3개년 일별 주가 수집 검수 완료 데이터
2024-09-11,000660,SK하이닉스,000660,156800.0,158700.0,154300.0,157200.0,3203928,157200.0,KRW,exchange,https://github.com/FinanceDataReader/FinanceDataReader,reviewed,SK하이닉스 3개년 일별 주가 수집 검수 완료 데이터
2024-09-12,000660,SK하이닉스,000660,165200.0,171300.0,163800.0,168800.0,8628996,168800.0,KRW,exchange,https://github.com/FinanceDataReader/FinanceDataReader,reviewed,SK하이닉스 3개년 일별 주가 수집 검수 완료 데이터
2024-09-13,000660,SK하이닉스,000660,166500.0,166700.0,161100.0,162800.0,5246578,162800.0,KRW,exchange,https://github.com/FinanceDataReader/FinanceDataReader,reviewed,SK하이닉스 3개년 일별 주가 수집 검수 완료 데이터
2024-09-19,000660,SK하이닉스,000660,154700.0,155700.0,144700.0,152800.0,15001257,152800.0,KRW,exchange,https://github.com/FinanceDataReader/FinanceDataReader,reviewed,SK하이닉스 3개년 일별 주가 수집 검수 완료 데이터
2024-09-20,000660,SK하이닉스,000660,160500.0,160800.0,155900.0,157100.0,7155655,157100.0,KRW,exchange,https://github.com/FinanceDataReader/FinanceDataReader,reviewed,SK하이닉스 3개년 일별 주가 수집 검수 완료 데이터
2024-09-23,000660,SK하이닉스,000660,155800.0,162900.0,155700.0,162000.0,4497592,162000.0,KRW,exchange,https://github.com/FinanceDataReader/FinanceDataReader,reviewed,SK하이닉스 3개년 일별 주가 수집 검수 완료 데이터
2024-09-24,000660,SK하이닉스,000660,163700.0,163700.0,159200.0,163500.0,3442530,163500.0,KRW,exchange,https://github.com/FinanceDataReader/FinanceDataReader,reviewed,SK하이닉스 3개년 일별 주가 수집 검수 완료 데이터
2024-09-25,000660,SK하이닉스,000660,166700.0,169300.0,165000.0,165300.0,4665075,165300.0,KRW,exchange,https://github.com/FinanceDataReader/FinanceDataReader,reviewed,SK하이닉스 3개년 일별 주가 수집 검수 완료 데이터
2024-09-26,000660,SK하이닉스,000660,178400.0,180900.0,176200.0,180900.0,9519633,180900.0,KRW,exchange,https://github.com/FinanceDataReader/FinanceDataReader,reviewed,SK하이닉스 3개년 일별 주가 수집 검수 완료 데이터
2024-09-27,000660,SK하이닉스,000660,187500.0,189300.0,183800.0,183800.0,6886272,183800.0,KRW,exchange,https://github.com/FinanceDataReader/FinanceDataReader,reviewed,SK하이닉스 3개년 일별 주가 수집 검수 완료 데이터
2024-09-30,000660,SK하이닉스,000660,183700.0,183800.0,174600.0,174600.0,4859468,174600.0,KRW,exchange,https://github.com/FinanceDataReader/FinanceDataReader,reviewed,SK하이닉스 3개년 일별 주가 수집 검수 완료 데이터
2024-10-02,000660,SK하이닉스,000660,172700.0,175500.0,169100.0,169100.0,4720638,169100.0,KRW,exchange,https://github.com/FinanceDataReader/FinanceDataReader,reviewed,SK하이닉스 3개년 일별 주가 수집 검수 완료 데이터
2024-10-04,000660,SK하이닉스,000660,171700.0,175600.0,170700.0,174100.0,3633358,174100.0,KRW,exchange,https://github.com/FinanceDataReader/FinanceDataReader,reviewed,SK하이닉스 3개년 일별 주가 수집 검수 완료 데이터
2024-10-07,000660,SK하이닉스,000660,178400.0,184900.0,176000.0,184900.0,3904925,184900.0,KRW,exchange,https://github.com/FinanceDataReader/FinanceDataReader,reviewed,SK하이닉스 3개년 일별 주가 수집 검수 완료 데이터
2024-10-08,000660,SK하이닉스,000660,182200.0,185000.0,178000.0,178000.0,3988028,178000.0,KRW,exchange,https://github.com/FinanceDataReader/FinanceDataReader,reviewed,SK하이닉스 3개년 일별 주가 수집 검수 완료 데이터
2024-10-10,000660,SK하이닉스,000660,184500.0,188100.0,183400.0,186700.0,6325045,186700.0,KRW,exchange,https://github.com/FinanceDataReader/FinanceDataReader,reviewed,SK하이닉스 3개년 일별 주가 수집 검수 완료 데이터
2024-10-11,000660,SK하이닉스,000660,190000.0,191200.0,185100.0,186000.0,3475666,186000.0,KRW,exchange,https://github.com/FinanceDataReader/FinanceDataReader,reviewed,SK하이닉스 3개년 일별 주가 수집 검수 완료 데이터
2024-10-14,000660,SK하이닉스,000660,186900.0,192300.0,186900.0,187500.0,3309274,187500.0,KRW,exchange,https://github.com/FinanceDataReader/FinanceDataReader,reviewed,SK하이닉스 3개년 일별 주가 수집 검수 완료 데이터
2024-10-15,000660,SK하이닉스,000660,191900.0,193200.0,189700.0,192900.0,4060365,192900.0,KRW,exchange,https://github.com/FinanceDataReader/FinanceDataReader,reviewed,SK하이닉스 3개년 일별 주가 수집 검수 완료 데이터
2024-10-16,000660,SK하이닉스,000660,184700.0,192500.0,183600.0,188700.0,4787317,188700.0,KRW,exchange,https://github.com/FinanceDataReader/FinanceDataReader,reviewed,SK하이닉스 3개년 일별 주가 수집 검수 완료 데이터
2024-10-17,000660,SK하이닉스,000660,191200.0,196000.0,188700.0,196000.0,3996946,196000.0,KRW,exchange,https://github.com/FinanceDataReader/FinanceDataReader,reviewed,SK하이닉스 3개년 일별 주가 수집 검수 완료 데이터
2024-10-18,000660,SK하이닉스,000660,198200.0,198200.0,186200.0,187300.0,5509895,187300.0,KRW,exchange,https://github.com/FinanceDataReader/FinanceDataReader,reviewed,SK하이닉스 3개년 일별 주가 수집 검수 완료 데이터
2024-10-21,000660,SK하이닉스,000660,189400.0,192300.0,188000.0,190900.0,2428544,190900.0,KRW,exchange,https://github.com/FinanceDataReader/FinanceDataReader,reviewed,SK하이닉스 3개년 일별 주가 수집 검수 완료 데이터
2024-10-22,000660,SK하이닉스,000660,195300.0,195300.0,187500.0,187800.0,3466963,187800.0,KRW,exchange,https://github.com/FinanceDataReader/FinanceDataReader,reviewed,SK하이닉스 3개년 일별 주가 수집 검수 완료 데이터
2024-10-23,000660,SK하이닉스,000660,188500.0,196700.0,188000.0,196000.0,4366079,196000.0,KRW,exchange,https://github.com/FinanceDataReader/FinanceDataReader,reviewed,SK하이닉스 3개년 일별 주가 수집 검수 완료 데이터
2024-10-24,000660,SK하이닉스,000660,193500.0,202000.0,190000.0,198200.0,6344515,198200.0,KRW,exchange,https://github.com/FinanceDataReader/FinanceDataReader,reviewed,SK하이닉스 3개년 일별 주가 수집 검수 완료 데이터
2024-10-25,000660,SK하이닉스,000660,203000.0,206000.0,199400.0,201000.0,5530362,201000.0,KRW,exchange,https://github.com/FinanceDataReader/FinanceDataReader,reviewed,SK하이닉스 3개년 일별 주가 수집 검수 완료 데이터
2024-10-28,000660,SK하이닉스,000660,203500.0,205000.0,194200.0,196000.0,4114186,196000.0,KRW,exchange,https://github.com/FinanceDataReader/FinanceDataReader,reviewed,SK하이닉스 3개년 일별 주가 수집 검수 완료 데이터
2024-10-29,000660,SK하이닉스,000660,196000.0,197000.0,189100.0,190300.0,4067991,190300.0,KRW,exchange,https://github.com/FinanceDataReader/FinanceDataReader,reviewed,SK하이닉스 3개년 일별 주가 수집 검수 완료 데이터
2024-10-30,000660,SK하이닉스,000660,190200.0,195400.0,189400.0,195000.0,3580400,195000.0,KRW,exchange,https://github.com/FinanceDataReader/FinanceDataReader,reviewed,SK하이닉스 3개년 일별 주가 수집 검수 완료 데이터
2024-10-31,000660,SK하이닉스,000660,189900.0,192900.0,186100.0,186300.0,4573282,186300.0,KRW,exchange,https://github.com/FinanceDataReader/FinanceDataReader,reviewed,SK하이닉스 3개년 일별 주가 수집 검수 완료 데이터
2024-11-01,000660,SK하이닉스,000660,182500.0,184900.0,180500.0,182200.0,3478519,182200.0,KRW,exchange,https://github.com/FinanceDataReader/FinanceDataReader,reviewed,SK하이닉스 3개년 일별 주가 수집 검수 완료 데이터
2024-11-04,000660,SK하이닉스,000660,185200.0,194000.0,183700.0,194000.0,3569575,194000.0,KRW,exchange,https://github.com/FinanceDataReader/FinanceDataReader,reviewed,SK하이닉스 3개년 일별 주가 수집 검수 완료 데이터
2024-11-05,000660,SK하이닉스,000660,193600.0,198800.0,192100.0,193200.0,3560310,193200.0,KRW,exchange,https://github.com/FinanceDataReader/FinanceDataReader,reviewed,SK하이닉스 3개년 일별 주가 수집 검수 완료 데이터
2024-11-06,000660,SK하이닉스,000660,197700.0,199200.0,192700.0,195800.0,3460361,195800.0,KRW,exchange,https://github.com/FinanceDataReader/FinanceDataReader,reviewed,SK하이닉스 3개년 일별 주가 수집 검수 완료 데이터
2024-11-07,000660,SK하이닉스,000660,197400.0,198300.0,193100.0,197400.0,2976546,197400.0,KRW,exchange,https://github.com/FinanceDataReader/FinanceDataReader,reviewed,SK하이닉스 3개년 일별 주가 수집 검수 완료 데이터
2024-11-08,000660,SK하이닉스,000660,200500.0,203000.0,198800.0,200500.0,3031573,200500.0,KRW,exchange,https://github.com/FinanceDataReader/FinanceDataReader,reviewed,SK하이닉스 3개년 일별 주가 수집 검수 완료 데이터
2024-11-11,000660,SK하이닉스,000660,199300.0,199300.0,192400.0,192600.0,2636191,192600.0,KRW,exchange,https://github.com/FinanceDataReader/FinanceDataReader,reviewed,SK하이닉스 3개년 일별 주가 수집 검수 완료 데이터
2024-11-12,000660,SK하이닉스,000660,192500.0,192500.0,184900.0,185800.0,3920254,185800.0,KRW,exchange,https://github.com/FinanceDataReader/FinanceDataReader,reviewed,SK하이닉스 3개년 일별 주가 수집 검수 완료 데이터
2024-11-13,000660,SK하이닉스,000660,185700.0,189500.0,182600.0,182900.0,3172827,182900.0,KRW,exchange,https://github.com/FinanceDataReader/FinanceDataReader,reviewed,SK하이닉스 3개년 일별 주가 수집 검수 완료 데이터
2024-11-14,000660,SK하이닉스,000660,182900.0,184900.0,171700.0,173000.0,6309368,173000.0,KRW,exchange,https://github.com/FinanceDataReader/FinanceDataReader,reviewed,SK하이닉스 3개년 일별 주가 수집 검수 완료 데이터
2024-11-15,000660,SK하이닉스,000660,174000.0,179000.0,173600.0,178200.0,4330750,178200.0,KRW,exchange,https://github.com/FinanceDataReader/FinanceDataReader,reviewed,SK하이닉스 3개년 일별 주가 수집 검수 완료 데이터
2024-11-18,000660,SK하이닉스,000660,173800.0,177800.0,170300.0,171700.0,3885644,171700.0,KRW,exchange,https://github.com/FinanceDataReader/FinanceDataReader,reviewed,SK하이닉스 3개년 일별 주가 수집 검수 완료 데이터
2024-11-19,000660,SK하이닉스,000660,170400.0,172900.0,168100.0,170600.0,4075013,170600.0,KRW,exchange,https://github.com/FinanceDataReader/FinanceDataReader,reviewed,SK하이닉스 3개년 일별 주가 수집 검수 완료 데이터
2024-11-20,000660,SK하이닉스,000660,175000.0,175100.0,170200.0,170600.0,3689296,170600.0,KRW,exchange,https://github.com/FinanceDataReader/FinanceDataReader,reviewed,SK하이닉스 3개년 일별 주가 수집 검수 완료 데이터
2024-11-21,000660,SK하이닉스,000660,168200.0,173000.0,168200.0,168800.0,3821502,168800.0,KRW,exchange,https://github.com/FinanceDataReader/FinanceDataReader,reviewed,SK하이닉스 3개년 일별 주가 수집 검수 완료 데이터
2024-11-22,000660,SK하이닉스,000660,171700.0,178200.0,171200.0,176700.0,3919973,176700.0,KRW,exchange,https://github.com/FinanceDataReader/FinanceDataReader,reviewed,SK하이닉스 3개년 일별 주가 수집 검수 완료 데이터
2024-11-25,000660,SK하이닉스,000660,174500.0,179500.0,173900.0,177000.0,4393882,177000.0,KRW,exchange,https://github.com/FinanceDataReader/FinanceDataReader,reviewed,SK하이닉스 3개년 일별 주가 수집 검수 완료 데이터
2024-11-26,000660,SK하이닉스,000660,175200.0,177700.0,174700.0,177100.0,1996128,177100.0,KRW,exchange,https://github.com/FinanceDataReader/FinanceDataReader,reviewed,SK하이닉스 3개년 일별 주가 수집 검수 완료 데이터
2024-11-27,000660,SK하이닉스,000660,175600.0,175700.0,167900.0,168300.0,4756820,168300.0,KRW,exchange,https://github.com/FinanceDataReader/FinanceDataReader,reviewed,SK하이닉스 3개년 일별 주가 수집 검수 완료 데이터
2024-11-28,000660,SK하이닉스,000660,164600.0,166300.0,160800.0,161100.0,5691298,161100.0,KRW,exchange,https://github.com/FinanceDataReader/FinanceDataReader,reviewed,SK하이닉스 3개년 일별 주가 수집 검수 완료 데이터
2024-11-29,000660,SK하이닉스,000660,160000.0,162400.0,157600.0,159900.0,4682788,159900.0,KRW,exchange,https://github.com/FinanceDataReader/FinanceDataReader,reviewed,SK하이닉스 3개년 일별 주가 수집 검수 완료 데이터
2024-12-02,000660,SK하이닉스,000660,162200.0,162700.0,158600.0,158800.0,3558868,158800.0,KRW,exchange,https://github.com/FinanceDataReader/FinanceDataReader,reviewed,SK하이닉스 3개년 일별 주가 수집 검수 완료 데이터
2024-12-03,000660,SK하이닉스,000660,159200.0,165100.0,159100.0,164900.0,4180365,164900.0,KRW,exchange,https://github.com/FinanceDataReader/FinanceDataReader,reviewed,SK하이닉스 3개년 일별 주가 수집 검수 완료 데이터
2024-12-04,000660,SK하이닉스,000660,161300.0,168000.0,161100.0,168000.0,5701792,168000.0,KRW,exchange,https://github.com/FinanceDataReader/FinanceDataReader,reviewed,SK하이닉스 3개년 일별 주가 수집 검수 완료 데이터
2024-12-05,000660,SK하이닉스,000660,170000.0,175600.0,169300.0,173000.0,4671438,173000.0,KRW,exchange,https://github.com/FinanceDataReader/FinanceDataReader,reviewed,SK하이닉스 3개년 일별 주가 수집 검수 완료 데이터
2024-12-06,000660,SK하이닉스,000660,173500.0,173600.0,165000.0,167100.0,4434259,167100.0,KRW,exchange,https://github.com/FinanceDataReader/FinanceDataReader,reviewed,SK하이닉스 3개년 일별 주가 수집 검수 완료 데이터
2024-12-09,000660,SK하이닉스,000660,167100.0,170600.0,165000.0,168900.0,5305672,168900.0,KRW,exchange,https://github.com/FinanceDataReader/FinanceDataReader,reviewed,SK하이닉스 3개년 일별 주가 수집 검수 완료 데이터
2024-12-10,000660,SK하이닉스,000660,168000.0,170400.0,167600.0,170400.0,3159112,170400.0,KRW,exchange,https://github.com/FinanceDataReader/FinanceDataReader,reviewed,SK하이닉스 3개년 일별 주가 수집 검수 완료 데이터
2024-12-11,000660,SK하이닉스,000660,167400.0,171800.0,167000.0,171800.0,2281189,171800.0,KRW,exchange,https://github.com/FinanceDataReader/FinanceDataReader,reviewed,SK하이닉스 3개년 일별 주가 수집 검수 완료 데이터
2024-12-12,000660,SK하이닉스,000660,176500.0,177400.0,173500.0,176100.0,4550292,176100.0,KRW,exchange,https://github.com/FinanceDataReader/FinanceDataReader,reviewed,SK하이닉스 3개년 일별 주가 수집 검수 완료 데이터
2024-12-13,000660,SK하이닉스,000660,174400.0,176400.0,173500.0,175500.0,3677980,175500.0,KRW,exchange,https://github.com/FinanceDataReader/FinanceDataReader,reviewed,SK하이닉스 3개년 일별 주가 수집 검수 완료 데이터
2024-12-16,000660,SK하이닉스,000660,177400.0,180400.0,177300.0,179300.0,3278975,179300.0,KRW,exchange,https://github.com/FinanceDataReader/FinanceDataReader,reviewed,SK하이닉스 3개년 일별 주가 수집 검수 완료 데이터
2024-12-17,000660,SK하이닉스,000660,183000.0,184500.0,182100.0,184000.0,3188910,184000.0,KRW,exchange,https://github.com/FinanceDataReader/FinanceDataReader,reviewed,SK하이닉스 3개년 일별 주가 수집 검수 완료 데이터
2024-12-18,000660,SK하이닉스,000660,183400.0,183900.0,181600.0,183500.0,2363872,183500.0,KRW,exchange,https://github.com/FinanceDataReader/FinanceDataReader,reviewed,SK하이닉스 3개년 일별 주가 수집 검수 완료 데이터
2024-12-19,000660,SK하이닉스,000660,173900.0,176800.0,173000.0,175000.0,4833862,175000.0,KRW,exchange,https://github.com/FinanceDataReader/FinanceDataReader,reviewed,SK하이닉스 3개년 일별 주가 수집 검수 완료 데이터
2024-12-20,000660,SK하이닉스,000660,174100.0,174800.0,167100.0,168500.0,4487308,168500.0,KRW,exchange,https://github.com/FinanceDataReader/FinanceDataReader,reviewed,SK하이닉스 3개년 일별 주가 수집 검수 완료 데이터
2024-12-23,000660,SK하이닉스,000660,170000.0,173300.0,169600.0,169600.0,3287596,169600.0,KRW,exchange,https://github.com/FinanceDataReader/FinanceDataReader,reviewed,SK하이닉스 3개년 일별 주가 수집 검수 완료 데이터
2024-12-24,000660,SK하이닉스,000660,171700.0,171900.0,168300.0,168500.0,1844961,168500.0,KRW,exchange,https://github.com/FinanceDataReader/FinanceDataReader,reviewed,SK하이닉스 3개년 일별 주가 수집 검수 완료 데이터
2024-12-26,000660,SK하이닉스,000660,170000.0,172000.0,169400.0,170100.0,2022727,170100.0,KRW,exchange,https://github.com/FinanceDataReader/FinanceDataReader,reviewed,SK하이닉스 3개년 일별 주가 수집 검수 완료 데이터
2024-12-27,000660,SK하이닉스,000660,170100.0,176000.0,170000.0,174500.0,2643523,174500.0,KRW,exchange,https://github.com/FinanceDataReader/FinanceDataReader,reviewed,SK하이닉스 3개년 일별 주가 수집 검수 완료 데이터
2024-12-30,000660,SK하이닉스,000660,174000.0,175800.0,172400.0,173900.0,1434202,173900.0,KRW,exchange,https://github.com/FinanceDataReader/FinanceDataReader,reviewed,SK하이닉스 3개년 일별 주가 수집 검수 완료 데이터
2025-01-02,000660,SK하이닉스,000660,170500.0,172200.0,170000.0,171200.0,2102175,171200.0,KRW,exchange,https://github.com/FinanceDataReader/FinanceDataReader,reviewed,SK하이닉스 3개년 일별 주가 수집 검수 완료 데이터
2025-01-03,000660,SK하이닉스,000660,174500.0,182700.0,173100.0,181900.0,4233446,181900.0,KRW,exchange,https://github.com/FinanceDataReader/FinanceDataReader,reviewed,SK하이닉스 3개년 일별 주가 수집 검수 완료 데이터
2025-01-06,000660,SK하이닉스,000660,184400.0,199800.0,184400.0,199800.0,7320382,199800.0,KRW,exchange,https://github.com/FinanceDataReader/FinanceDataReader,reviewed,SK하이닉스 3개년 일별 주가 수집 검수 완료 데이터
2025-01-07,000660,SK하이닉스,000660,205000.0,206500.0,194800.0,195000.0,6075445,195000.0,KRW,exchange,https://github.com/FinanceDataReader/FinanceDataReader,reviewed,SK하이닉스 3개년 일별 주가 수집 검수 완료 데이터
2025-01-08,000660,SK하이닉스,000660,193100.0,198100.0,191000.0,194700.0,4275792,194700.0,KRW,exchange,https://github.com/FinanceDataReader/FinanceDataReader,reviewed,SK하이닉스 3개년 일별 주가 수집 검수 완료 데이터
2025-01-09,000660,SK하이닉스,000660,201000.0,206000.0,199800.0,205000.0,6692254,205000.0,KRW,exchange,https://github.com/FinanceDataReader/FinanceDataReader,reviewed,SK하이닉스 3개년 일별 주가 수집 검수 완료 데이터
2025-01-10,000660,SK하이닉스,000660,208000.0,212500.0,202500.0,203500.0,6149475,203500.0,KRW,exchange,https://github.com/FinanceDataReader/FinanceDataReader,reviewed,SK하이닉스 3개년 일별 주가 수집 검수 완료 데이터
2025-01-13,000660,SK하이닉스,000660,203000.0,203000.0,193900.0,194300.0,4767294,194300.0,KRW,exchange,https://github.com/FinanceDataReader/FinanceDataReader,reviewed,SK하이닉스 3개년 일별 주가 수집 검수 완료 데이터
2025-01-14,000660,SK하이닉스,000660,194300.0,197900.0,193600.0,195000.0,3019149,195000.0,KRW,exchange,https://github.com/FinanceDataReader/FinanceDataReader,reviewed,SK하이닉스 3개년 일별 주가 수집 검수 완료 데이터
2025-01-15,000660,SK하이닉스,000660,198000.0,201000.0,197700.0,198200.0,3620460,198200.0,KRW,exchange,https://github.com/FinanceDataReader/FinanceDataReader,reviewed,SK하이닉스 3개년 일별 주가 수집 검수 완료 데이터
2025-01-16,000660,SK하이닉스,000660,208500.0,210000.0,206500.0,210000.0,6029645,210000.0,KRW,exchange,https://github.com/FinanceDataReader/FinanceDataReader,reviewed,SK하이닉스 3개년 일별 주가 수집 검수 완료 데이터
2025-01-17,000660,SK하이닉스,000660,209500.0,217500.0,209000.0,214500.0,5041329,214500.0,KRW,exchange,https://github.com/FinanceDataReader/FinanceDataReader,reviewed,SK하이닉스 3개년 일별 주가 수집 검수 완료 데이터
2025-01-20,000660,SK하이닉스,000660,219000.0,219000.0,210500.0,212000.0,3036234,212000.0,KRW,exchange,https://github.com/FinanceDataReader/FinanceDataReader,reviewed,SK하이닉스 3개년 일별 주가 수집 검수 완료 데이터
2025-01-21,000660,SK하이닉스,000660,216500.0,220000.0,214000.0,218000.0,3323212,218000.0,KRW,exchange,https://github.com/FinanceDataReader/FinanceDataReader,reviewed,SK하이닉스 3개년 일별 주가 수집 검수 완료 데이터
2025-01-22,000660,SK하이닉스,000660,221500.0,227000.0,217000.0,225500.0,5901740,225500.0,KRW,exchange,https://github.com/FinanceDataReader/FinanceDataReader,reviewed,SK하이닉스 3개년 일별 주가 수집 검수 완료 데이터
2025-01-23,000660,SK하이닉스,000660,221000.0,225500.0,215000.0,219500.0,5994781,219500.0,KRW,exchange,https://github.com/FinanceDataReader/FinanceDataReader,reviewed,SK하이닉스 3개년 일별 주가 수집 검수 완료 데이터
2025-01-24,000660,SK하이닉스,000660,220500.0,227000.0,217500.0,221000.0,3771572,221000.0,KRW,exchange,https://github.com/FinanceDataReader/FinanceDataReader,reviewed,SK하이닉스 3개년 일별 주가 수집 검수 완료 데이터
2025-01-31,000660,SK하이닉스,000660,197000.0,204500.0,194800.0,199200.0,11871995,199200.0,KRW,exchange,https://github.com/FinanceDataReader/FinanceDataReader,reviewed,SK하이닉스 3개년 일별 주가 수집 검수 완료 데이터
2025-02-03,000660,SK하이닉스,000660,191500.0,193200.0,186900.0,190900.0,7926444,190900.0,KRW,exchange,https://github.com/FinanceDataReader/FinanceDataReader,reviewed,SK하이닉스 3개년 일별 주가 수집 검수 완료 데이터
2025-02-04,000660,SK하이닉스,000660,192900.0,194300.0,190100.0,191100.0,5851146,191100.0,KRW,exchange,https://github.com/FinanceDataReader/FinanceDataReader,reviewed,SK하이닉스 3개년 일별 주가 수집 검수 완료 데이터
2025-02-05,000660,SK하이닉스,000660,191900.0,199400.0,191900.0,198800.0,4245118,198800.0,KRW,exchange,https://github.com/FinanceDataReader/FinanceDataReader,reviewed,SK하이닉스 3개년 일별 주가 수집 검수 완료 데이터
2025-02-06,000660,SK하이닉스,000660,202000.0,205000.0,200500.0,203500.0,4032622,203500.0,KRW,exchange,https://github.com/FinanceDataReader/FinanceDataReader,reviewed,SK하이닉스 3개년 일별 주가 수집 검수 완료 데이터
2025-02-07,000660,SK하이닉스,000660,205000.0,206000.0,200500.0,203000.0,2206293,203000.0,KRW,exchange,https://github.com/FinanceDataReader/FinanceDataReader,reviewed,SK하이닉스 3개년 일별 주가 수집 검수 완료 데이터
2025-02-10,000660,SK하이닉스,000660,197800.0,203000.0,197000.0,198100.0,2779740,198100.0,KRW,exchange,https://github.com/FinanceDataReader/FinanceDataReader,reviewed,SK하이닉스 3개년 일별 주가 수집 검수 완료 데이터
2025-02-11,000660,SK하이닉스,000660,201000.0,201500.0,198000.0,199700.0,2488710,199700.0,KRW,exchange,https://github.com/FinanceDataReader/FinanceDataReader,reviewed,SK하이닉스 3개년 일별 주가 수집 검수 완료 데이터
2025-02-12,000660,SK하이닉스,000660,196500.0,199900.0,196000.0,198900.0,2884072,198900.0,KRW,exchange,https://github.com/FinanceDataReader/FinanceDataReader,reviewed,SK하이닉스 3개년 일별 주가 수집 검수 완료 데이터
2025-02-13,000660,SK하이닉스,000660,198800.0,208500.0,198100.0,208500.0,3574410,208500.0,KRW,exchange,https://github.com/FinanceDataReader/FinanceDataReader,reviewed,SK하이닉스 3개년 일별 주가 수집 검수 완료 데이터
2025-02-14,000660,SK하이닉스,000660,209000.0,212000.0,206500.0,210000.0,2598656,210000.0,KRW,exchange,https://github.com/FinanceDataReader/FinanceDataReader,reviewed,SK하이닉스 3개년 일별 주가 수집 검수 완료 데이터
2025-02-17,000660,SK하이닉스,000660,211500.0,216000.0,211000.0,212000.0,2497922,212000.0,KRW,exchange,https://github.com/FinanceDataReader/FinanceDataReader,reviewed,SK하이닉스 3개년 일별 주가 수집 검수 완료 데이터
2025-02-18,000660,SK하이닉스,000660,212000.0,215000.0,207000.0,210000.0,1937894,210000.0,KRW,exchange,https://github.com/FinanceDataReader/FinanceDataReader,reviewed,SK하이닉스 3개년 일별 주가 수집 검수 완료 데이터
2025-02-19,000660,SK하이닉스,000660,216000.0,219500.0,214000.0,218500.0,3537720,218500.0,KRW,exchange,https://github.com/FinanceDataReader/FinanceDataReader,reviewed,SK하이닉스 3개년 일별 주가 수집 검수 완료 데이터
2025-02-20,000660,SK하이닉스,000660,217000.0,218500.0,211000.0,212000.0,3080242,212000.0,KRW,exchange,https://github.com/FinanceDataReader/FinanceDataReader,reviewed,SK하이닉스 3개년 일별 주가 수집 검수 완료 데이터
2025-02-21,000660,SK하이닉스,000660,209500.0,211000.0,205500.0,209500.0,2601151,209500.0,KRW,exchange,https://github.com/FinanceDataReader/FinanceDataReader,reviewed,SK하이닉스 3개년 일별 주가 수집 검수 완료 데이터
2025-02-24,000660,SK하이닉스,000660,202500.0,205000.0,201000.0,205000.0,3087127,205000.0,KRW,exchange,https://github.com/FinanceDataReader/FinanceDataReader,reviewed,SK하이닉스 3개년 일별 주가 수집 검수 완료 데이터
2025-02-25,000660,SK하이닉스,000660,199800.0,202000.0,199200.0,200500.0,3651613,200500.0,KRW,exchange,https://github.com/FinanceDataReader/FinanceDataReader,reviewed,SK하이닉스 3개년 일별 주가 수집 검수 완료 데이터
2025-02-26,000660,SK하이닉스,000660,199000.0,206000.0,198600.0,203000.0,3849749,203000.0,KRW,exchange,https://github.com/FinanceDataReader/FinanceDataReader,reviewed,SK하이닉스 3개년 일별 주가 수집 검수 완료 데이터
2025-02-27,000660,SK하이닉스,000660,204500.0,205000.0,198100.0,199200.0,3993419,199200.0,KRW,exchange,https://github.com/FinanceDataReader/FinanceDataReader,reviewed,SK하이닉스 3개년 일별 주가 수집 검수 완료 데이터
2025-02-28,000660,SK하이닉스,000660,191600.0,193000.0,188700.0,190200.0,5533027,190200.0,KRW,exchange,https://github.com/FinanceDataReader/FinanceDataReader,reviewed,SK하이닉스 3개년 일별 주가 수집 검수 완료 데이터
2025-03-04,000660,SK하이닉스,000660,184800.0,187500.0,184000.0,186100.0,5424556,186100.0,KRW,exchange,https://github.com/FinanceDataReader/FinanceDataReader,reviewed,SK하이닉스 3개년 일별 주가 수집 검수 완료 데이터
2025-03-05,000660,SK하이닉스,000660,188200.0,194400.0,186600.0,193100.0,4162368,193100.0,KRW,exchange,https://github.com/FinanceDataReader/FinanceDataReader,reviewed,SK하이닉스 3개년 일별 주가 수집 검수 완료 데이터
2025-03-06,000660,SK하이닉스,000660,193500.0,194000.0,190300.0,192400.0,2540131,192400.0,KRW,exchange,https://github.com/FinanceDataReader/FinanceDataReader,reviewed,SK하이닉스 3개년 일별 주가 수집 검수 완료 데이터
2025-03-07,000660,SK하이닉스,000660,191000.0,192800.0,187900.0,192400.0,2700590,192400.0,KRW,exchange,https://github.com/FinanceDataReader/FinanceDataReader,reviewed,SK하이닉스 3개년 일별 주가 수집 검수 완료 데이터
2025-03-10,000660,SK하이닉스,000660,187500.0,191500.0,187300.0,187900.0,2441476,187900.0,KRW,exchange,https://github.com/FinanceDataReader/FinanceDataReader,reviewed,SK하이닉스 3개년 일별 주가 수집 검수 완료 데이터
2025-03-11,000660,SK하이닉스,000660,182100.0,189000.0,181300.0,187800.0,3521800,187800.0,KRW,exchange,https://github.com/FinanceDataReader/FinanceDataReader,reviewed,SK하이닉스 3개년 일별 주가 수집 검수 완료 데이터
2025-03-12,000660,SK하이닉스,000660,192400.0,199350.0,189700.0,198900.0,4064278,198900.0,KRW,exchange,https://github.com/FinanceDataReader/FinanceDataReader,reviewed,SK하이닉스 3개년 일별 주가 수집 검수 완료 데이터
2025-03-13,000660,SK하이닉스,000660,202500.0,204500.0,195500.0,199700.0,3883033,199700.0,KRW,exchange,https://github.com/FinanceDataReader/FinanceDataReader,reviewed,SK하이닉스 3개년 일별 주가 수집 검수 완료 데이터
2025-03-14,000660,SK하이닉스,000660,198500.0,206000.0,198500.0,204500.0,3397462,204500.0,KRW,exchange,https://github.com/FinanceDataReader/FinanceDataReader,reviewed,SK하이닉스 3개년 일별 주가 수집 검수 완료 데이터
2025-03-17,000660,SK하이닉스,000660,207000.0,209500.0,203500.0,206000.0,2584679,206000.0,KRW,exchange,https://github.com/FinanceDataReader/FinanceDataReader,reviewed,SK하이닉스 3개년 일별 주가 수집 검수 완료 데이터
2025-03-18,000660,SK하이닉스,000660,208500.0,209000.0,201000.0,203000.0,2696191,203000.0,KRW,exchange,https://github.com/FinanceDataReader/FinanceDataReader,reviewed,SK하이닉스 3개년 일별 주가 수집 검수 완료 데이터
2025-03-19,000660,SK하이닉스,000660,202000.0,209500.0,201000.0,205500.0,3102000,205500.0,KRW,exchange,https://github.com/FinanceDataReader/FinanceDataReader,reviewed,SK하이닉스 3개년 일별 주가 수집 검수 완료 데이터
2025-03-20,000660,SK하이닉스,000660,207000.0,211000.0,205500.0,210000.0,2779557,210000.0,KRW,exchange,https://github.com/FinanceDataReader/FinanceDataReader,reviewed,SK하이닉스 3개년 일별 주가 수집 검수 완료 데이터
2025-03-21,000660,SK하이닉스,000660,213500.0,219500.0,212000.0,215500.0,5731880,215500.0,KRW,exchange,https://github.com/FinanceDataReader/FinanceDataReader,reviewed,SK하이닉스 3개년 일별 주가 수집 검수 완료 데이터
2025-03-24,000660,SK하이닉스,000660,211500.0,214500.0,209500.0,211500.0,1611040,211500.0,KRW,exchange,https://github.com/FinanceDataReader/FinanceDataReader,reviewed,SK하이닉스 3개년 일별 주가 수집 검수 완료 데이터
2025-03-25,000660,SK하이닉스,000660,214500.0,215500.0,208000.0,208000.0,2262656,208000.0,KRW,exchange,https://github.com/FinanceDataReader/FinanceDataReader,reviewed,SK하이닉스 3개년 일별 주가 수집 검수 완료 데이터
2025-03-26,000660,SK하이닉스,000660,209000.0,215500.0,208500.0,214000.0,2058540,214000.0,KRW,exchange,https://github.com/FinanceDataReader/FinanceDataReader,reviewed,SK하이닉스 3개년 일별 주가 수집 검수 완료 데이터
2025-03-27,000660,SK하이닉스,000660,208000.0,212000.0,206500.0,207000.0,2287220,207000.0,KRW,exchange,https://github.com/FinanceDataReader/FinanceDataReader,reviewed,SK하이닉스 3개년 일별 주가 수집 검수 완료 데이터
2025-03-28,000660,SK하이닉스,000660,203000.0,204500.0,198900.0,199300.0,2673553,199300.0,KRW,exchange,https://github.com/FinanceDataReader/FinanceDataReader,reviewed,SK하이닉스 3개년 일별 주가 수집 검수 완료 데이터
2025-03-31,000660,SK하이닉스,000660,193500.0,195500.0,190500.0,190700.0,4561715,190700.0,KRW,exchange,https://github.com/FinanceDataReader/FinanceDataReader,reviewed,SK하이닉스 3개년 일별 주가 수집 검수 완료 데이터
2025-04-01,000660,SK하이닉스,000660,193600.0,198500.0,192000.0,197000.0,2317253,197000.0,KRW,exchange,https://github.com/FinanceDataReader/FinanceDataReader,reviewed,SK하이닉스 3개년 일별 주가 수집 검수 완료 데이터
2025-04-02,000660,SK하이닉스,000660,198800.0,201500.0,197300.0,197900.0,2764223,197900.0,KRW,exchange,https://github.com/FinanceDataReader/FinanceDataReader,reviewed,SK하이닉스 3개년 일별 주가 수집 검수 완료 데이터
2025-04-03,000660,SK하이닉스,000660,189600.0,194600.0,188200.0,194600.0,4177747,194600.0,KRW,exchange,https://github.com/FinanceDataReader/FinanceDataReader,reviewed,SK하이닉스 3개년 일별 주가 수집 검수 완료 데이터
2025-04-04,000660,SK하이닉스,000660,187900.0,189600.0,178400.0,182200.0,9182017,182200.0,KRW,exchange,https://github.com/FinanceDataReader/FinanceDataReader,reviewed,SK하이닉스 3개년 일별 주가 수집 검수 완료 데이터
2025-04-07,000660,SK하이닉스,000660,168000.0,172800.0,164800.0,164800.0,7879050,164800.0,KRW,exchange,https://github.com/FinanceDataReader/FinanceDataReader,reviewed,SK하이닉스 3개년 일별 주가 수집 검수 완료 데이터
2025-04-08,000660,SK하이닉스,000660,172000.0,173100.0,168200.0,169500.0,4965171,169500.0,KRW,exchange,https://github.com/FinanceDataReader/FinanceDataReader,reviewed,SK하이닉스 3개년 일별 주가 수집 검수 완료 데이터
2025-04-09,000660,SK하이닉스,000660,170000.0,170000.0,162700.0,165000.0,8035679,165000.0,KRW,exchange,https://github.com/FinanceDataReader/FinanceDataReader,reviewed,SK하이닉스 3개년 일별 주가 수집 검수 완료 데이터
2025-04-10,000660,SK하이닉스,000660,189700.0,189900.0,180000.0,183200.0,7836984,183200.0,KRW,exchange,https://github.com/FinanceDataReader/FinanceDataReader,reviewed,SK하이닉스 3개년 일별 주가 수집 검수 완료 데이터
2025-04-11,000660,SK하이닉스,000660,177800.0,181800.0,176100.0,180800.0,3223735,180800.0,KRW,exchange,https://github.com/FinanceDataReader/FinanceDataReader,reviewed,SK하이닉스 3개년 일별 주가 수집 검수 완료 데이터
2025-04-14,000660,SK하이닉스,000660,182900.0,184400.0,178000.0,180200.0,3466194,180200.0,KRW,exchange,https://github.com/FinanceDataReader/FinanceDataReader,reviewed,SK하이닉스 3개년 일별 주가 수집 검수 완료 데이터
2025-04-15,000660,SK하이닉스,000660,180200.0,182400.0,179700.0,180600.0,1915455,180600.0,KRW,exchange,https://github.com/FinanceDataReader/FinanceDataReader,reviewed,SK하이닉스 3개년 일별 주가 수집 검수 완료 데이터
2025-04-16,000660,SK하이닉스,000660,176500.0,177500.0,173500.0,174000.0,2933428,174000.0,KRW,exchange,https://github.com/FinanceDataReader/FinanceDataReader,reviewed,SK하이닉스 3개년 일별 주가 수집 검수 완료 데이터
2025-04-17,000660,SK하이닉스,000660,172100.0,175400.0,171800.0,175000.0,2989493,175000.0,KRW,exchange,https://github.com/FinanceDataReader/FinanceDataReader,reviewed,SK하이닉스 3개년 일별 주가 수집 검수 완료 데이터
2025-04-18,000660,SK하이닉스,000660,174000.0,175500.0,172800.0,175000.0,1305152,175000.0,KRW,exchange,https://github.com/FinanceDataReader/FinanceDataReader,reviewed,SK하이닉스 3개년 일별 주가 수집 검수 완료 데이터
2025-04-21,000660,SK하이닉스,000660,174800.0,180000.0,174500.0,176600.0,1877473,176600.0,KRW,exchange,https://github.com/FinanceDataReader/FinanceDataReader,reviewed,SK하이닉스 3개년 일별 주가 수집 검수 완료 데이터
2025-04-22,000660,SK하이닉스,000660,175000.0,175500.0,173300.0,173800.0,2008388,173800.0,KRW,exchange,https://github.com/FinanceDataReader/FinanceDataReader,reviewed,SK하이닉스 3개년 일별 주가 수집 검수 완료 데이터
2025-04-23,000660,SK하이닉스,000660,179100.0,181600.0,178100.0,181000.0,3857373,181000.0,KRW,exchange,https://github.com/FinanceDataReader/FinanceDataReader,reviewed,SK하이닉스 3개년 일별 주가 수집 검수 완료 데이터
2025-04-24,000660,SK하이닉스,000660,182800.0,183400.0,177600.0,178300.0,3162156,178300.0,KRW,exchange,https://github.com/FinanceDataReader/FinanceDataReader,reviewed,SK하이닉스 3개년 일별 주가 수집 검수 완료 데이터
2025-04-25,000660,SK하이닉스,000660,182500.0,184900.0,182100.0,184400.0,3507810,184400.0,KRW,exchange,https://github.com/FinanceDataReader/FinanceDataReader,reviewed,SK하이닉스 3개년 일별 주가 수집 검수 완료 데이터
2025-04-28,000660,SK하이닉스,000660,183500.0,183900.0,179700.0,182000.0,2455710,182000.0,KRW,exchange,https://github.com/FinanceDataReader/FinanceDataReader,reviewed,SK하이닉스 3개년 일별 주가 수집 검수 완료 데이터
2025-04-29,000660,SK하이닉스,000660,182000.0,182900.0,179100.0,180800.0,1866386,180800.0,KRW,exchange,https://github.com/FinanceDataReader/FinanceDataReader,reviewed,SK하이닉스 3개년 일별 주가 수집 검수 완료 데이터
2025-04-30,000660,SK하이닉스,000660,179100.0,180000.0,176700.0,177500.0,2354473,177500.0,KRW,exchange,https://github.com/FinanceDataReader/FinanceDataReader,reviewed,SK하이닉스 3개년 일별 주가 수집 검수 완료 데이터
2025-05-02,000660,SK하이닉스,000660,179400.0,186200.0,178400.0,186000.0,3886874,186000.0,KRW,exchange,https://github.com/FinanceDataReader/FinanceDataReader,reviewed,SK하이닉스 3개년 일별 주가 수집 검수 완료 데이터
2025-05-07,000660,SK하이닉스,000660,187700.0,191500.0,185900.0,190800.0,3830097,190800.0,KRW,exchange,https://github.com/FinanceDataReader/FinanceDataReader,reviewed,SK하이닉스 3개년 일별 주가 수집 검수 완료 데이터
2025-05-08,000660,SK하이닉스,000660,196000.0,196000.0,189400.0,190300.0,5125330,190300.0,KRW,exchange,https://github.com/FinanceDataReader/FinanceDataReader,reviewed,SK하이닉스 3개년 일별 주가 수집 검수 완료 데이터
2025-05-09,000660,SK하이닉스,000660,192000.0,192800.0,186800.0,190100.0,2539822,190100.0,KRW,exchange,https://github.com/FinanceDataReader/FinanceDataReader,reviewed,SK하이닉스 3개년 일별 주가 수집 검수 완료 데이터
2025-05-12,000660,SK하이닉스,000660,193600.0,195200.0,193500.0,195000.0,1624884,195000.0,KRW,exchange,https://github.com/FinanceDataReader/FinanceDataReader,reviewed,SK하이닉스 3개년 일별 주가 수집 검수 완료 데이터
2025-05-13,000660,SK하이닉스,000660,200500.0,201500.0,197300.0,198500.0,3385009,198500.0,KRW,exchange,https://github.com/FinanceDataReader/FinanceDataReader,reviewed,SK하이닉스 3개년 일별 주가 수집 검수 완료 데이터
2025-05-14,000660,SK하이닉스,000660,207000.0,207000.0,204000.0,206000.0,3333511,206000.0,KRW,exchange,https://github.com/FinanceDataReader/FinanceDataReader,reviewed,SK하이닉스 3개년 일별 주가 수집 검수 완료 데이터
2025-05-15,000660,SK하이닉스,000660,207500.0,208000.0,199500.0,200500.0,3178957,200500.0,KRW,exchange,https://github.com/FinanceDataReader/FinanceDataReader,reviewed,SK하이닉스 3개년 일별 주가 수집 검수 완료 데이터
2025-05-16,000660,SK하이닉스,000660,206000.0,206750.0,203500.0,204500.0,2419507,204500.0,KRW,exchange,https://github.com/FinanceDataReader/FinanceDataReader,reviewed,SK하이닉스 3개년 일별 주가 수집 검수 완료 데이터
2025-05-19,000660,SK하이닉스,000660,203000.0,203000.0,197500.0,199400.0,2482673,199400.0,KRW,exchange,https://github.com/FinanceDataReader/FinanceDataReader,reviewed,SK하이닉스 3개년 일별 주가 수집 검수 완료 데이터
2025-05-20,000660,SK하이닉스,000660,202500.0,208000.0,201500.0,202000.0,2820546,202000.0,KRW,exchange,https://github.com/FinanceDataReader/FinanceDataReader,reviewed,SK하이닉스 3개년 일별 주가 수집 검수 완료 데이터
2025-05-21,000660,SK하이닉스,000660,204500.0,205000.0,199900.0,200500.0,1721760,200500.0,KRW,exchange,https://github.com/FinanceDataReader/FinanceDataReader,reviewed,SK하이닉스 3개년 일별 주가 수집 검수 완료 데이터
2025-05-22,000660,SK하이닉스,000660,199900.0,201500.0,196500.0,196900.0,1988587,196900.0,KRW,exchange,https://github.com/FinanceDataReader/FinanceDataReader,reviewed,SK하이닉스 3개년 일별 주가 수집 검수 완료 데이터
2025-05-23,000660,SK하이닉스,000660,199900.0,201500.0,198700.0,200000.0,1538701,200000.0,KRW,exchange,https://github.com/FinanceDataReader/FinanceDataReader,reviewed,SK하이닉스 3개년 일별 주가 수집 검수 완료 데이터
2025-05-26,000660,SK하이닉스,000660,200000.0,203500.0,196900.0,203000.0,1459997,203000.0,KRW,exchange,https://github.com/FinanceDataReader/FinanceDataReader,reviewed,SK하이닉스 3개년 일별 주가 수집 검수 완료 데이터
2025-05-27,000660,SK하이닉스,000660,200500.0,203500.0,200000.0,202500.0,1424916,202500.0,KRW,exchange,https://github.com/FinanceDataReader/FinanceDataReader,reviewed,SK하이닉스 3개년 일별 주가 수집 검수 완료 데이터
2025-05-28,000660,SK하이닉스,000660,206500.0,209500.0,206000.0,208000.0,3161188,208000.0,KRW,exchange,https://github.com/FinanceDataReader/FinanceDataReader,reviewed,SK하이닉스 3개년 일별 주가 수집 검수 완료 데이터
2025-05-29,000660,SK하이닉스,000660,214500.0,214500.0,207500.0,212000.0,3827689,212000.0,KRW,exchange,https://github.com/FinanceDataReader/FinanceDataReader,reviewed,SK하이닉스 3개년 일별 주가 수집 검수 완료 데이터
2025-05-30,000660,SK하이닉스,000660,210000.0,210000.0,203000.0,204500.0,4826628,204500.0,KRW,exchange,https://github.com/FinanceDataReader/FinanceDataReader,reviewed,SK하이닉스 3개년 일별 주가 수집 검수 완료 데이터
2025-06-02,000660,SK하이닉스,000660,205000.0,208500.0,203000.0,207500.0,1775752,207500.0,KRW,exchange,https://github.com/FinanceDataReader/FinanceDataReader,reviewed,SK하이닉스 3개년 일별 주가 수집 검수 완료 데이터
2025-06-04,000660,SK하이닉스,000660,218000.0,223000.0,216500.0,217500.0,5108674,217500.0,KRW,exchange,https://github.com/FinanceDataReader/FinanceDataReader,reviewed,SK하이닉스 3개년 일별 주가 수집 검수 완료 데이터
2025-06-05,000660,SK하이닉스,000660,225500.0,230000.0,222000.0,224500.0,5768506,224500.0,KRW,exchange,https://github.com/FinanceDataReader/FinanceDataReader,reviewed,SK하이닉스 3개년 일별 주가 수집 검수 완료 데이터
2025-06-09,000660,SK하이닉스,000660,233000.0,233500.0,228000.0,229000.0,3666084,229000.0,KRW,exchange,https://github.com/FinanceDataReader/FinanceDataReader,reviewed,SK하이닉스 3개년 일별 주가 수집 검수 완료 데이터
2025-06-10,000660,SK하이닉스,000660,231000.0,232500.0,227500.0,230500.0,3718655,230500.0,KRW,exchange,https://github.com/FinanceDataReader/FinanceDataReader,reviewed,SK하이닉스 3개년 일별 주가 수집 검수 완료 데이터
2025-06-11,000660,SK하이닉스,000660,236000.0,241000.0,235000.0,240000.0,4230421,240000.0,KRW,exchange,https://github.com/FinanceDataReader/FinanceDataReader,reviewed,SK하이닉스 3개년 일별 주가 수집 검수 완료 데이터
2025-06-12,000660,SK하이닉스,000660,242500.0,246500.0,235000.0,235500.0,4994238,235500.0,KRW,exchange,https://github.com/FinanceDataReader/FinanceDataReader,reviewed,SK하이닉스 3개년 일별 주가 수집 검수 완료 데이터
2025-06-13,000660,SK하이닉스,000660,240500.0,243000.0,233750.0,235500.0,4100610,235500.0,KRW,exchange,https://github.com/FinanceDataReader/FinanceDataReader,reviewed,SK하이닉스 3개년 일별 주가 수집 검수 완료 데이터
2025-06-16,000660,SK하이닉스,000660,238000.0,248500.0,238000.0,248000.0,3760740,248000.0,KRW,exchange,https://github.com/FinanceDataReader/FinanceDataReader,reviewed,SK하이닉스 3개년 일별 주가 수집 검수 완료 데이터
2025-06-17,000660,SK하이닉스,000660,253000.0,260000.0,248000.0,249000.0,5044669,249000.0,KRW,exchange,https://github.com/FinanceDataReader/FinanceDataReader,reviewed,SK하이닉스 3개년 일별 주가 수집 검수 완료 데이터
2025-06-18,000660,SK하이닉스,000660,245500.0,252000.0,245000.0,246500.0,4081001,246500.0,KRW,exchange,https://github.com/FinanceDataReader/FinanceDataReader,reviewed,SK하이닉스 3개년 일별 주가 수집 검수 완료 데이터
2025-06-19,000660,SK하이닉스,000660,247000.0,250000.0,242000.0,246000.0,2317796,246000.0,KRW,exchange,https://github.com/FinanceDataReader/FinanceDataReader,reviewed,SK하이닉스 3개년 일별 주가 수집 검수 완료 데이터
2025-06-20,000660,SK하이닉스,000660,249000.0,257000.0,247500.0,257000.0,3597877,257000.0,KRW,exchange,https://github.com/FinanceDataReader/FinanceDataReader,reviewed,SK하이닉스 3개년 일별 주가 수집 검수 완료 데이터
2025-06-23,000660,SK하이닉스,000660,252500.0,263000.0,248500.0,259500.0,3398736,259500.0,KRW,exchange,https://github.com/FinanceDataReader/FinanceDataReader,reviewed,SK하이닉스 3개년 일별 주가 수집 검수 완료 데이터
2025-06-24,000660,SK하이닉스,000660,270000.0,283000.0,269500.0,278500.0,5436312,278500.0,KRW,exchange,https://github.com/FinanceDataReader/FinanceDataReader,reviewed,SK하이닉스 3개년 일별 주가 수집 검수 완료 데이터
2025-06-25,000660,SK하이닉스,000660,289000.0,291500.0,284000.0,286000.0,5466598,286000.0,KRW,exchange,https://github.com/FinanceDataReader/FinanceDataReader,reviewed,SK하이닉스 3개년 일별 주가 수집 검수 완료 데이터
2025-06-26,000660,SK하이닉스,000660,294500.0,298500.0,287000.0,293000.0,5894020,293000.0,KRW,exchange,https://github.com/FinanceDataReader/FinanceDataReader,reviewed,SK하이닉스 3개년 일별 주가 수집 검수 완료 데이터
2025-06-27,000660,SK하이닉스,000660,288000.0,294500.0,281000.0,284000.0,5134863,284000.0,KRW,exchange,https://github.com/FinanceDataReader/FinanceDataReader,reviewed,SK하이닉스 3개년 일별 주가 수집 검수 완료 데이터
2025-06-30,000660,SK하이닉스,000660,288500.0,294500.0,286000.0,292000.0,4375298,292000.0,KRW,exchange,https://github.com/FinanceDataReader/FinanceDataReader,reviewed,SK하이닉스 3개년 일별 주가 수집 검수 완료 데이터
2025-07-01,000660,SK하이닉스,000660,291000.0,294500.0,285500.0,285500.0,3687981,285500.0,KRW,exchange,https://github.com/FinanceDataReader/FinanceDataReader,reviewed,SK하이닉스 3개년 일별 주가 수집 검수 완료 데이터
2025-07-02,000660,SK하이닉스,000660,283500.0,283500.0,274500.0,279000.0,4702056,279000.0,KRW,exchange,https://github.com/FinanceDataReader/FinanceDataReader,reviewed,SK하이닉스 3개년 일별 주가 수집 검수 완료 데이터
2025-07-03,000660,SK하이닉스,000660,281000.0,284000.0,277000.0,278500.0,3642140,278500.0,KRW,exchange,https://github.com/FinanceDataReader/FinanceDataReader,reviewed,SK하이닉스 3개년 일별 주가 수집 검수 완료 데이터
2025-07-04,000660,SK하이닉스,000660,279500.0,281500.0,269000.0,270500.0,3654933,270500.0,KRW,exchange,https://github.com/FinanceDataReader/FinanceDataReader,reviewed,SK하이닉스 3개년 일별 주가 수집 검수 완료 데이터
2025-07-07,000660,SK하이닉스,000660,266000.0,272000.0,264500.0,271000.0,2523564,271000.0,KRW,exchange,https://github.com/FinanceDataReader/FinanceDataReader,reviewed,SK하이닉스 3개년 일별 주가 수집 검수 완료 데이터
2025-07-08,000660,SK하이닉스,000660,271000.0,285000.0,268500.0,282000.0,3119395,282000.0,KRW,exchange,https://github.com/FinanceDataReader/FinanceDataReader,reviewed,SK하이닉스 3개년 일별 주가 수집 검수 완료 데이터
2025-07-09,000660,SK하이닉스,000660,282500.0,284000.0,277500.0,281000.0,2626484,281000.0,KRW,exchange,https://github.com/FinanceDataReader/FinanceDataReader,reviewed,SK하이닉스 3개년 일별 주가 수집 검수 완료 데이터
2025-07-10,000660,SK하이닉스,000660,284000.0,297000.0,283500.0,297000.0,4556065,297000.0,KRW,exchange,https://github.com/FinanceDataReader/FinanceDataReader,reviewed,SK하이닉스 3개년 일별 주가 수집 검수 완료 데이터
2025-07-11,000660,SK하이닉스,000660,299500.0,306500.0,292000.0,294500.0,3732533,294500.0,KRW,exchange,https://github.com/FinanceDataReader/FinanceDataReader,reviewed,SK하이닉스 3개년 일별 주가 수집 검수 완료 데이터
2025-07-14,000660,SK하이닉스,000660,292500.0,302500.0,292500.0,300000.0,2936976,300000.0,KRW,exchange,https://github.com/FinanceDataReader/FinanceDataReader,reviewed,SK하이닉스 3개년 일별 주가 수집 검수 완료 데이터
2025-07-15,000660,SK하이닉스,000660,296000.0,298500.0,290000.0,298500.0,4196196,298500.0,KRW,exchange,https://github.com/FinanceDataReader/FinanceDataReader,reviewed,SK하이닉스 3개년 일별 주가 수집 검수 완료 데이터
2025-07-16,000660,SK하이닉스,000660,298500.0,299500.0,292500.0,296000.0,3123297,296000.0,KRW,exchange,https://github.com/FinanceDataReader/FinanceDataReader,reviewed,SK하이닉스 3개년 일별 주가 수집 검수 완료 데이터
2025-07-17,000660,SK하이닉스,000660,283500.0,289500.0,268000.0,269500.0,9328322,269500.0,KRW,exchange,https://github.com/FinanceDataReader/FinanceDataReader,reviewed,SK하이닉스 3개년 일별 주가 수집 검수 완료 데이터
2025-07-18,000660,SK하이닉스,000660,270000.0,275000.0,267000.0,269000.0,5359504,269000.0,KRW,exchange,https://github.com/FinanceDataReader/FinanceDataReader,reviewed,SK하이닉스 3개년 일별 주가 수집 검수 완료 데이터
2025-07-21,000660,SK하이닉스,000660,267500.0,274500.0,266500.0,272500.0,2424891,272500.0,KRW,exchange,https://github.com/FinanceDataReader/FinanceDataReader,reviewed,SK하이닉스 3개년 일별 주가 수집 검수 완료 데이터
2025-07-22,000660,SK하이닉스,000660,273000.0,273500.0,267000.0,268500.0,3139858,268500.0,KRW,exchange,https://github.com/FinanceDataReader/FinanceDataReader,reviewed,SK하이닉스 3개년 일별 주가 수집 검수 완료 데이터
2025-07-23,000660,SK하이닉스,000660,267500.0,271000.0,264500.0,269000.0,3116279,269000.0,KRW,exchange,https://github.com/FinanceDataReader/FinanceDataReader,reviewed,SK하이닉스 3개년 일별 주가 수집 검수 완료 데이터
2025-07-24,000660,SK하이닉스,000660,277000.0,279000.0,269000.0,269500.0,3667144,269500.0,KRW,exchange,https://github.com/FinanceDataReader/FinanceDataReader,reviewed,SK하이닉스 3개년 일별 주가 수집 검수 완료 데이터
2025-07-25,000660,SK하이닉스,000660,273000.0,275000.0,265500.0,266000.0,2171063,266000.0,KRW,exchange,https://github.com/FinanceDataReader/FinanceDataReader,reviewed,SK하이닉스 3개년 일별 주가 수집 검수 완료 데이터
2025-07-28,000660,SK하이닉스,000660,261000.0,265500.0,258500.0,262000.0,2877357,262000.0,KRW,exchange,https://github.com/FinanceDataReader/FinanceDataReader,reviewed,SK하이닉스 3개년 일별 주가 수집 검수 완료 데이터
2025-07-29,000660,SK하이닉스,000660,254500.0,265000.0,254500.0,262500.0,2944177,262500.0,KRW,exchange,https://github.com/FinanceDataReader/FinanceDataReader,reviewed,SK하이닉스 3개년 일별 주가 수집 검수 완료 데이터
2025-07-30,000660,SK하이닉스,000660,263000.0,266000.0,260500.0,263500.0,2482807,263500.0,KRW,exchange,https://github.com/FinanceDataReader/FinanceDataReader,reviewed,SK하이닉스 3개년 일별 주가 수집 검수 완료 데이터
2025-07-31,000660,SK하이닉스,000660,271000.0,274000.0,265500.0,273500.0,3472644,273500.0,KRW,exchange,https://github.com/FinanceDataReader/FinanceDataReader,reviewed,SK하이닉스 3개년 일별 주가 수집 검수 완료 데이터
2025-08-01,000660,SK하이닉스,000660,266000.0,267000.0,257000.0,258000.0,3227394,258000.0,KRW,exchange,https://github.com/FinanceDataReader/FinanceDataReader,reviewed,SK하이닉스 3개년 일별 주가 수집 검수 완료 데이터
2025-08-04,000660,SK하이닉스,000660,254500.0,260000.0,254000.0,258000.0,2281558,258000.0,KRW,exchange,https://github.com/FinanceDataReader/FinanceDataReader,reviewed,SK하이닉스 3개년 일별 주가 수집 검수 완료 데이터
2025-08-05,000660,SK하이닉스,000660,264000.0,264500.0,260500.0,263500.0,2118171,263500.0,KRW,exchange,https://github.com/FinanceDataReader/FinanceDataReader,reviewed,SK하이닉스 3개년 일별 주가 수집 검수 완료 데이터
2025-08-06,000660,SK하이닉스,000660,260500.0,260500.0,257500.0,258500.0,1374559,258500.0,KRW,exchange,https://github.com/FinanceDataReader/FinanceDataReader,reviewed,SK하이닉스 3개년 일별 주가 수집 검수 완료 데이터
2025-08-07,000660,SK하이닉스,000660,258000.0,263000.0,250000.0,262000.0,2724438,262000.0,KRW,exchange,https://github.com/FinanceDataReader/FinanceDataReader,reviewed,SK하이닉스 3개년 일별 주가 수집 검수 완료 데이터
2025-08-08,000660,SK하이닉스,000660,262000.0,266000.0,255500.0,256500.0,2676174,256500.0,KRW,exchange,https://github.com/FinanceDataReader/FinanceDataReader,reviewed,SK하이닉스 3개년 일별 주가 수집 검수 완료 데이터
2025-08-11,000660,SK하이닉스,000660,260500.0,267500.0,260000.0,267000.0,2415473,267000.0,KRW,exchange,https://github.com/FinanceDataReader/FinanceDataReader,reviewed,SK하이닉스 3개년 일별 주가 수집 검수 완료 데이터
2025-08-12,000660,SK하이닉스,000660,268000.0,276000.0,267500.0,269000.0,3008648,269000.0,KRW,exchange,https://github.com/FinanceDataReader/FinanceDataReader,reviewed,SK하이닉스 3개년 일별 주가 수집 검수 완료 데이터
2025-08-13,000660,SK하이닉스,000660,278000.0,279000.0,274000.0,278000.0,3472694,278000.0,KRW,exchange,https://github.com/FinanceDataReader/FinanceDataReader,reviewed,SK하이닉스 3개년 일별 주가 수집 검수 완료 데이터
2025-08-14,000660,SK하이닉스,000660,277500.0,277500.0,270500.0,276500.0,2101050,276500.0,KRW,exchange,https://github.com/FinanceDataReader/FinanceDataReader,reviewed,SK하이닉스 3개년 일별 주가 수집 검수 완료 데이터
2025-08-18,000660,SK하이닉스,000660,272000.0,272000.0,267000.0,267500.0,1993220,267500.0,KRW,exchange,https://github.com/FinanceDataReader/FinanceDataReader,reviewed,SK하이닉스 3개년 일별 주가 수집 검수 완료 데이터
2025-08-19,000660,SK하이닉스,000660,268500.0,270000.0,261500.0,263000.0,1709646,263000.0,KRW,exchange,https://github.com/FinanceDataReader/FinanceDataReader,reviewed,SK하이닉스 3개년 일별 주가 수집 검수 완료 데이터
2025-08-20,000660,SK하이닉스,000660,254500.0,257000.0,251000.0,255500.0,3571545,255500.0,KRW,exchange,https://github.com/FinanceDataReader/FinanceDataReader,reviewed,SK하이닉스 3개년 일별 주가 수집 검수 완료 데이터
2025-08-21,000660,SK하이닉스,000660,246500.0,251000.0,245000.0,245000.0,6301130,245000.0,KRW,exchange,https://github.com/FinanceDataReader/FinanceDataReader,reviewed,SK하이닉스 3개년 일별 주가 수집 검수 완료 데이터
2025-08-22,000660,SK하이닉스,000660,245500.0,252500.0,245500.0,251000.0,3064062,251000.0,KRW,exchange,https://github.com/FinanceDataReader/FinanceDataReader,reviewed,SK하이닉스 3개년 일별 주가 수집 검수 완료 데이터
2025-08-25,000660,SK하이닉스,000660,256000.0,261500.0,254000.0,259500.0,3183709,259500.0,KRW,exchange,https://github.com/FinanceDataReader/FinanceDataReader,reviewed,SK하이닉스 3개년 일별 주가 수집 검수 완료 데이터
2025-08-26,000660,SK하이닉스,000660,259500.0,262500.0,257000.0,261500.0,2050625,261500.0,KRW,exchange,https://github.com/FinanceDataReader/FinanceDataReader,reviewed,SK하이닉스 3개년 일별 주가 수집 검수 완료 데이터
2025-08-27,000660,SK하이닉스,000660,259000.0,261000.0,256000.0,260000.0,2801594,260000.0,KRW,exchange,https://github.com/FinanceDataReader/FinanceDataReader,reviewed,SK하이닉스 3개년 일별 주가 수집 검수 완료 데이터
2025-08-28,000660,SK하이닉스,000660,254000.0,268500.0,253000.0,268500.0,3836024,268500.0,KRW,exchange,https://github.com/FinanceDataReader/FinanceDataReader,reviewed,SK하이닉스 3개년 일별 주가 수집 검수 완료 데이터
2025-08-29,000660,SK하이닉스,000660,268000.0,270000.0,266000.0,269000.0,1892127,269000.0,KRW,exchange,https://github.com/FinanceDataReader/FinanceDataReader,reviewed,SK하이닉스 3개년 일별 주가 수집 검수 완료 데이터
2025-09-01,000660,SK하이닉스,000660,259500.0,261000.0,255000.0,256000.0,1837054,256000.0,KRW,exchange,https://github.com/FinanceDataReader/FinanceDataReader,reviewed,SK하이닉스 3개년 일별 주가 수집 검수 완료 데이터
2025-09-02,000660,SK하이닉스,000660,256000.0,261500.0,256000.0,260500.0,1584710,260500.0,KRW,exchange,https://github.com/FinanceDataReader/FinanceDataReader,reviewed,SK하이닉스 3개년 일별 주가 수집 검수 완료 데이터
2025-09-03,000660,SK하이닉스,000660,259500.0,265500.0,257750.0,262500.0,2437896,262500.0,KRW,exchange,https://github.com/FinanceDataReader/FinanceDataReader,reviewed,SK하이닉스 3개년 일별 주가 수집 검수 완료 데이터
2025-09-04,000660,SK하이닉스,000660,267000.0,271000.0,264500.0,265500.0,2189959,265500.0,KRW,exchange,https://github.com/FinanceDataReader/FinanceDataReader,reviewed,SK하이닉스 3개년 일별 주가 수집 검수 완료 데이터
2025-09-05,000660,SK하이닉스,000660,273000.0,275000.0,272000.0,273500.0,3103427,273500.0,KRW,exchange,https://github.com/FinanceDataReader/FinanceDataReader,reviewed,SK하이닉스 3개년 일별 주가 수집 검수 완료 데이터
2025-09-08,000660,SK하이닉스,000660,278500.0,279000.0,274000.0,277000.0,2018299,277000.0,KRW,exchange,https://github.com/FinanceDataReader/FinanceDataReader,reviewed,SK하이닉스 3개년 일별 주가 수집 검수 완료 데이터
2025-09-09,000660,SK하이닉스,000660,278000.0,288500.0,277000.0,288000.0,4158342,288000.0,KRW,exchange,https://github.com/FinanceDataReader/FinanceDataReader,reviewed,SK하이닉스 3개년 일별 주가 수집 검수 완료 데이터
2025-09-10,000660,SK하이닉스,000660,294500.0,305000.0,293000.0,304000.0,5265553,304000.0,KRW,exchange,https://github.com/FinanceDataReader/FinanceDataReader,reviewed,SK하이닉스 3개년 일별 주가 수집 검수 완료 데이터
2025-09-11,000660,SK하이닉스,000660,310000.0,315000.0,305500.0,307000.0,5148088,307000.0,KRW,exchange,https://github.com/FinanceDataReader/FinanceDataReader,reviewed,SK하이닉스 3개년 일별 주가 수집 검수 완료 데이터
2025-09-12,000660,SK하이닉스,000660,322000.0,329500.0,319000.0,328500.0,4242516,328500.0,KRW,exchange,https://github.com/FinanceDataReader/FinanceDataReader,reviewed,SK하이닉스 3개년 일별 주가 수집 검수 완료 데이터
2025-09-15,000660,SK하이닉스,000660,339500.0,341500.0,325000.0,331000.0,4221256,331000.0,KRW,exchange,https://github.com/FinanceDataReader/FinanceDataReader,reviewed,SK하이닉스 3개년 일별 주가 수집 검수 완료 데이터
2025-09-16,000660,SK하이닉스,000660,331500.0,354000.0,331500.0,348000.0,5841135,348000.0,KRW,exchange,https://github.com/FinanceDataReader/FinanceDataReader,reviewed,SK하이닉스 3개년 일별 주가 수집 검수 완료 데이터
2025-09-17,000660,SK하이닉스,000660,341000.0,342500.0,333500.0,333500.0,4498866,333500.0,KRW,exchange,https://github.com/FinanceDataReader/FinanceDataReader,reviewed,SK하이닉스 3개년 일별 주가 수집 검수 완료 데이터
2025-09-18,000660,SK하이닉스,000660,338500.0,357000.0,336500.0,353000.0,4526286,353000.0,KRW,exchange,https://github.com/FinanceDataReader/FinanceDataReader,reviewed,SK하이닉스 3개년 일별 주가 수집 검수 완료 데이터
2025-09-19,000660,SK하이닉스,000660,351500.0,360000.0,348000.0,353000.0,4385543,353000.0,KRW,exchange,https://github.com/FinanceDataReader/FinanceDataReader,reviewed,SK하이닉스 3개년 일별 주가 수집 검수 완료 데이터
2025-09-22,000660,SK하이닉스,000660,349000.0,359000.0,345250.0,351000.0,4377563,351000.0,KRW,exchange,https://github.com/FinanceDataReader/FinanceDataReader,reviewed,SK하이닉스 3개년 일별 주가 수집 검수 완료 데이터
2025-09-23,000660,SK하이닉스,000660,355500.0,363000.0,353000.0,361000.0,3315336,361000.0,KRW,exchange,https://github.com/FinanceDataReader/FinanceDataReader,reviewed,SK하이닉스 3개년 일별 주가 수집 검수 완료 데이터
2025-09-24,000660,SK하이닉스,000660,359000.0,364000.0,348500.0,357500.0,4165199,357500.0,KRW,exchange,https://github.com/FinanceDataReader/FinanceDataReader,reviewed,SK하이닉스 3개년 일별 주가 수집 검수 완료 데이터
2025-09-25,000660,SK하이닉스,000660,352000.0,359000.0,349500.0,356500.0,2148215,356500.0,KRW,exchange,https://github.com/FinanceDataReader/FinanceDataReader,reviewed,SK하이닉스 3개년 일별 주가 수집 검수 완료 데이터
2025-09-26,000660,SK하이닉스,000660,347500.0,349000.0,333000.0,336500.0,3685324,336500.0,KRW,exchange,https://github.com/FinanceDataReader/FinanceDataReader,reviewed,SK하이닉스 3개년 일별 주가 수집 검수 완료 데이터
2025-09-29,000660,SK하이닉스,000660,339500.0,351000.0,339000.0,349000.0,2275986,349000.0,KRW,exchange,https://github.com/FinanceDataReader/FinanceDataReader,reviewed,SK하이닉스 3개년 일별 주가 수집 검수 완료 데이터
2025-09-30,000660,SK하이닉스,000660,353000.0,356500.0,347500.0,347500.0,2238614,347500.0,KRW,exchange,https://github.com/FinanceDataReader/FinanceDataReader,reviewed,SK하이닉스 3개년 일별 주가 수집 검수 완료 데이터
2025-10-01,000660,SK하이닉스,000660,351000.0,362000.0,351000.0,360000.0,2802437,360000.0,KRW,exchange,https://github.com/FinanceDataReader/FinanceDataReader,reviewed,SK하이닉스 3개년 일별 주가 수집 검수 완료 데이터
2025-10-02,000660,SK하이닉스,000660,388500.0,404500.0,384000.0,395500.0,7430763,395500.0,KRW,exchange,https://github.com/FinanceDataReader/FinanceDataReader,reviewed,SK하이닉스 3개년 일별 주가 수집 검수 완료 데이터
2025-10-10,000660,SK하이닉스,000660,426000.0,439250.0,416500.0,428000.0,6835852,428000.0,KRW,exchange,https://github.com/FinanceDataReader/FinanceDataReader,reviewed,SK하이닉스 3개년 일별 주가 수집 검수 완료 데이터
2025-10-13,000660,SK하이닉스,000660,405500.0,415500.0,403000.0,415000.0,4356534,415000.0,KRW,exchange,https://github.com/FinanceDataReader/FinanceDataReader,reviewed,SK하이닉스 3개년 일별 주가 수집 검수 완료 데이터
2025-10-14,000660,SK하이닉스,000660,425000.0,436500.0,406500.0,411500.0,4101275,411500.0,KRW,exchange,https://github.com/FinanceDataReader/FinanceDataReader,reviewed,SK하이닉스 3개년 일별 주가 수집 검수 완료 데이터
2025-10-15,000660,SK하이닉스,000660,410500.0,424000.0,407000.0,422500.0,2688019,422500.0,KRW,exchange,https://github.com/FinanceDataReader/FinanceDataReader,reviewed,SK하이닉스 3개년 일별 주가 수집 검수 완료 데이터
2025-10-16,000660,SK하이닉스,000660,421000.0,455000.0,420500.0,452500.0,4247934,452500.0,KRW,exchange,https://github.com/FinanceDataReader/FinanceDataReader,reviewed,SK하이닉스 3개년 일별 주가 수집 검수 완료 데이터
2025-10-17,000660,SK하이닉스,000660,451500.0,475000.0,449500.0,465500.0,4541583,465500.0,KRW,exchange,https://github.com/FinanceDataReader/FinanceDataReader,reviewed,SK하이닉스 3개년 일별 주가 수집 검수 완료 데이터
2025-10-20,000660,SK하이닉스,000660,477500.0,485500.0,465500.0,485500.0,3333903,485500.0,KRW,exchange,https://github.com/FinanceDataReader/FinanceDataReader,reviewed,SK하이닉스 3개년 일별 주가 수집 검수 완료 데이터
2025-10-21,000660,SK하이닉스,000660,497000.0,502000.0,478000.0,479000.0,4126858,479000.0,KRW,exchange,https://github.com/FinanceDataReader/FinanceDataReader,reviewed,SK하이닉스 3개년 일별 주가 수집 검수 완료 데이터
2025-10-22,000660,SK하이닉스,000660,475000.0,482000.0,469000.0,481500.0,3870276,481500.0,KRW,exchange,https://github.com/FinanceDataReader/FinanceDataReader,reviewed,SK하이닉스 3개년 일별 주가 수집 검수 완료 데이터
2025-10-23,000660,SK하이닉스,000660,470000.0,488500.0,468000.0,478500.0,3583993,478500.0,KRW,exchange,https://github.com/FinanceDataReader/FinanceDataReader,reviewed,SK하이닉스 3개년 일별 주가 수집 검수 완료 데이터
2025-10-24,000660,SK하이닉스,000660,493000.0,513000.0,491500.0,510000.0,4254202,510000.0,KRW,exchange,https://github.com/FinanceDataReader/FinanceDataReader,reviewed,SK하이닉스 3개년 일별 주가 수집 검수 완료 데이터
2025-10-27,000660,SK하이닉스,000660,533000.0,537000.0,523000.0,535000.0,3381231,535000.0,KRW,exchange,https://github.com/FinanceDataReader/FinanceDataReader,reviewed,SK하이닉스 3개년 일별 주가 수집 검수 완료 데이터
2025-10-28,000660,SK하이닉스,000660,521000.0,527000.0,509000.0,521000.0,5659008,521000.0,KRW,exchange,https://github.com/FinanceDataReader/FinanceDataReader,reviewed,SK하이닉스 3개년 일별 주가 수집 검수 완료 데이터
2025-10-29,000660,SK하이닉스,000660,538000.0,559000.0,523000.0,558000.0,4803031,558000.0,KRW,exchange,https://github.com/FinanceDataReader/FinanceDataReader,reviewed,SK하이닉스 3개년 일별 주가 수집 검수 완료 데이터
2025-10-30,000660,SK하이닉스,000660,558000.0,579000.0,552000.0,568000.0,4888461,568000.0,KRW,exchange,https://github.com/FinanceDataReader/FinanceDataReader,reviewed,SK하이닉스 3개년 일별 주가 수집 검수 완료 데이터
2025-10-31,000660,SK하이닉스,000660,557000.0,566000.0,552000.0,559000.0,3351809,559000.0,KRW,exchange,https://github.com/FinanceDataReader/FinanceDataReader,reviewed,SK하이닉스 3개년 일별 주가 수집 검수 완료 데이터
2025-11-03,000660,SK하이닉스,000660,557000.0,624000.0,555000.0,620000.0,5787058,620000.0,KRW,exchange,https://github.com/FinanceDataReader/FinanceDataReader,reviewed,SK하이닉스 3개년 일별 주가 수집 검수 완료 데이터
2025-11-04,000660,SK하이닉스,000660,611000.0,614000.0,583000.0,586000.0,5969769,586000.0,KRW,exchange,https://github.com/FinanceDataReader/FinanceDataReader,reviewed,SK하이닉스 3개년 일별 주가 수집 검수 완료 데이터
2025-11-05,000660,SK하이닉스,000660,563000.0,587000.0,532000.0,579000.0,8976222,579000.0,KRW,exchange,https://github.com/FinanceDataReader/FinanceDataReader,reviewed,SK하이닉스 3개년 일별 주가 수집 검수 완료 데이터
2025-11-06,000660,SK하이닉스,000660,602000.0,607000.0,583000.0,593000.0,5321244,593000.0,KRW,exchange,https://github.com/FinanceDataReader/FinanceDataReader,reviewed,SK하이닉스 3개년 일별 주가 수집 검수 완료 데이터
2025-11-07,000660,SK하이닉스,000660,577000.0,599000.0,565000.0,580000.0,4789397,580000.0,KRW,exchange,https://github.com/FinanceDataReader/FinanceDataReader,reviewed,SK하이닉스 3개년 일별 주가 수집 검수 완료 데이터
2025-11-10,000660,SK하이닉스,000660,584000.0,615000.0,581000.0,606000.0,4893645,606000.0,KRW,exchange,https://github.com/FinanceDataReader/FinanceDataReader,reviewed,SK하이닉스 3개년 일별 주가 수집 검수 완료 데이터
2025-11-11,000660,SK하이닉스,000660,622000.0,646000.0,604000.0,619000.0,5508697,619000.0,KRW,exchange,https://github.com/FinanceDataReader/FinanceDataReader,reviewed,SK하이닉스 3개년 일별 주가 수집 검수 완료 데이터
2025-11-12,000660,SK하이닉스,000660,605000.0,620000.0,601000.0,617000.0,2831484,617000.0,KRW,exchange,https://github.com/FinanceDataReader/FinanceDataReader,reviewed,SK하이닉스 3개년 일별 주가 수집 검수 완료 데이터
2025-11-13,000660,SK하이닉스,000660,607000.0,622000.0,607000.0,612000.0,3875541,612000.0,KRW,exchange,https://github.com/FinanceDataReader/FinanceDataReader,reviewed,SK하이닉스 3개년 일별 주가 수집 검수 완료 데이터
2025-11-14,000660,SK하이닉스,000660,579000.0,585000.0,560000.0,560000.0,5778374,560000.0,KRW,exchange,https://github.com/FinanceDataReader/FinanceDataReader,reviewed,SK하이닉스 3개년 일별 주가 수집 검수 완료 데이터
2025-11-17,000660,SK하이닉스,000660,588000.0,606000.0,584000.0,606000.0,4470947,606000.0,KRW,exchange,https://github.com/FinanceDataReader/FinanceDataReader,reviewed,SK하이닉스 3개년 일별 주가 수집 검수 완료 데이터
2025-11-18,000660,SK하이닉스,000660,583000.0,591000.0,570000.0,570000.0,3544391,570000.0,KRW,exchange,https://github.com/FinanceDataReader/FinanceDataReader,reviewed,SK하이닉스 3개년 일별 주가 수집 검수 완료 데이터
2025-11-19,000660,SK하이닉스,000660,563000.0,570000.0,546000.0,562000.0,4529736,562000.0,KRW,exchange,https://github.com/FinanceDataReader/FinanceDataReader,reviewed,SK하이닉스 3개년 일별 주가 수집 검수 완료 데이터
2025-11-20,000660,SK하이닉스,000660,595000.0,597000.0,570000.0,571000.0,4670237,571000.0,KRW,exchange,https://github.com/FinanceDataReader/FinanceDataReader,reviewed,SK하이닉스 3개년 일별 주가 수집 검수 완료 데이터
2025-11-21,000660,SK하이닉스,000660,518000.0,531000.0,514000.0,521000.0,6646712,521000.0,KRW,exchange,https://github.com/FinanceDataReader/FinanceDataReader,reviewed,SK하이닉스 3개년 일별 주가 수집 검수 완료 데이터
2025-11-24,000660,SK하이닉스,000660,531000.0,542000.0,517000.0,520000.0,6399162,520000.0,KRW,exchange,https://github.com/FinanceDataReader/FinanceDataReader,reviewed,SK하이닉스 3개년 일별 주가 수집 검수 완료 데이터
2025-11-25,000660,SK하이닉스,000660,546000.0,550000.0,518000.0,519000.0,3716730,519000.0,KRW,exchange,https://github.com/FinanceDataReader/FinanceDataReader,reviewed,SK하이닉스 3개년 일별 주가 수집 검수 완료 데이터
2025-11-26,000660,SK하이닉스,000660,513000.0,528000.0,501000.0,524000.0,5127393,524000.0,KRW,exchange,https://github.com/FinanceDataReader/FinanceDataReader,reviewed,SK하이닉스 3개년 일별 주가 수집 검수 완료 데이터
2025-11-27,000660,SK하이닉스,000660,535000.0,556000.0,533000.0,544000.0,3654092,544000.0,KRW,exchange,https://github.com/FinanceDataReader/FinanceDataReader,reviewed,SK하이닉스 3개년 일별 주가 수집 검수 완료 데이터
2025-11-28,000660,SK하이닉스,000660,551000.0,552000.0,530000.0,530000.0,2680138,530000.0,KRW,exchange,https://github.com/FinanceDataReader/FinanceDataReader,reviewed,SK하이닉스 3개년 일별 주가 수집 검수 완료 데이터
2025-12-01,000660,SK하이닉스,000660,542000.0,545000.0,525000.0,538000.0,3134704,538000.0,KRW,exchange,https://github.com/FinanceDataReader/FinanceDataReader,reviewed,SK하이닉스 3개년 일별 주가 수집 검수 완료 데이터
2025-12-02,000660,SK하이닉스,000660,548000.0,559000.0,542000.0,558000.0,2686580,558000.0,KRW,exchange,https://github.com/FinanceDataReader/FinanceDataReader,reviewed,SK하이닉스 3개년 일별 주가 수집 검수 완료 데이터
2025-12-03,000660,SK하이닉스,000660,550000.0,559000.0,544000.0,552000.0,2586619,552000.0,KRW,exchange,https://github.com/FinanceDataReader/FinanceDataReader,reviewed,SK하이닉스 3개년 일별 주가 수집 검수 완료 데이터
2025-12-04,000660,SK하이닉스,000660,542000.0,543000.0,532000.0,542000.0,2858305,542000.0,KRW,exchange,https://github.com/FinanceDataReader/FinanceDataReader,reviewed,SK하이닉스 3개년 일별 주가 수집 검수 완료 데이터
2025-12-05,000660,SK하이닉스,000660,530000.0,546000.0,527000.0,544000.0,3204933,544000.0,KRW,exchange,https://github.com/FinanceDataReader/FinanceDataReader,reviewed,SK하이닉스 3개년 일별 주가 수집 검수 완료 데이터
2025-12-08,000660,SK하이닉스,000660,543000.0,580000.0,533000.0,577000.0,4288433,577000.0,KRW,exchange,https://github.com/FinanceDataReader/FinanceDataReader,reviewed,SK하이닉스 3개년 일별 주가 수집 검수 완료 데이터
2025-12-09,000660,SK하이닉스,000660,569000.0,575000.0,564000.0,566000.0,2391174,566000.0,KRW,exchange,https://github.com/FinanceDataReader/FinanceDataReader,reviewed,SK하이닉스 3개년 일별 주가 수집 검수 완료 데이터
2025-12-10,000660,SK하이닉스,000660,571000.0,593000.0,570000.0,587000.0,3986083,587000.0,KRW,exchange,https://github.com/FinanceDataReader/FinanceDataReader,reviewed,SK하이닉스 3개년 일별 주가 수집 검수 완료 데이터
2025-12-11,000660,SK하이닉스,000660,583000.0,589000.0,565000.0,565000.0,4021907,565000.0,KRW,exchange,https://github.com/FinanceDataReader/FinanceDataReader,reviewed,SK하이닉스 3개년 일별 주가 수집 검수 완료 데이터
2025-12-12,000660,SK하이닉스,000660,565000.0,579000.0,560000.0,571000.0,2646148,571000.0,KRW,exchange,https://github.com/FinanceDataReader/FinanceDataReader,reviewed,SK하이닉스 3개년 일별 주가 수집 검수 완료 데이터
2025-12-15,000660,SK하이닉스,000660,535000.0,563500.0,535000.0,554000.0,2482125,554000.0,KRW,exchange,https://github.com/FinanceDataReader/FinanceDataReader,reviewed,SK하이닉스 3개년 일별 주가 수집 검수 완료 데이터
2025-12-16,000660,SK하이닉스,000660,545000.0,551000.0,530000.0,530000.0,3287998,530000.0,KRW,exchange,https://github.com/FinanceDataReader/FinanceDataReader,reviewed,SK하이닉스 3개년 일별 주가 수집 검수 완료 데이터
2025-12-17,000660,SK하이닉스,000660,530000.0,554000.0,525000.0,551000.0,2692626,551000.0,KRW,exchange,https://github.com/FinanceDataReader/FinanceDataReader,reviewed,SK하이닉스 3개년 일별 주가 수집 검수 완료 데이터
2025-12-18,000660,SK하이닉스,000660,538000.0,563000.0,537000.0,552000.0,2959059,552000.0,KRW,exchange,https://github.com/FinanceDataReader/FinanceDataReader,reviewed,SK하이닉스 3개년 일별 주가 수집 검수 완료 데이터
2025-12-19,000660,SK하이닉스,000660,569000.0,570000.0,547000.0,547000.0,3440005,547000.0,KRW,exchange,https://github.com/FinanceDataReader/FinanceDataReader,reviewed,SK하이닉스 3개년 일별 주가 수집 검수 완료 데이터
2025-12-22,000660,SK하이닉스,000660,574000.0,580000.0,567000.0,580000.0,2878464,580000.0,KRW,exchange,https://github.com/FinanceDataReader/FinanceDataReader,reviewed,SK하이닉스 3개년 일별 주가 수집 검수 완료 데이터
2025-12-23,000660,SK하이닉스,000660,585000.0,593000.0,581000.0,584000.0,2011188,584000.0,KRW,exchange,https://github.com/FinanceDataReader/FinanceDataReader,reviewed,SK하이닉스 3개년 일별 주가 수집 검수 완료 데이터
2025-12-24,000660,SK하이닉스,000660,587000.0,591000.0,584000.0,588000.0,2160697,588000.0,KRW,exchange,https://github.com/FinanceDataReader/FinanceDataReader,reviewed,SK하이닉스 3개년 일별 주가 수집 검수 완료 데이터
2025-12-26,000660,SK하이닉스,000660,594000.0,605000.0,590000.0,599000.0,4243548,599000.0,KRW,exchange,https://github.com/FinanceDataReader/FinanceDataReader,reviewed,SK하이닉스 3개년 일별 주가 수집 검수 완료 데이터
2025-12-29,000660,SK하이닉스,000660,630000.0,640000.0,625000.0,640000.0,4176151,640000.0,KRW,exchange,https://github.com/FinanceDataReader/FinanceDataReader,reviewed,SK하이닉스 3개년 일별 주가 수집 검수 완료 데이터
2025-12-30,000660,SK하이닉스,000660,639000.0,659000.0,634000.0,651000.0,4094603,651000.0,KRW,exchange,https://github.com/FinanceDataReader/FinanceDataReader,reviewed,SK하이닉스 3개년 일별 주가 수집 검수 완료 데이터
2026-01-02,000660,SK하이닉스,000660,651000.0,679000.0,647000.0,677000.0,4181895,677000.0,KRW,exchange,https://github.com/FinanceDataReader/FinanceDataReader,reviewed,SK하이닉스 3개년 일별 주가 수집 검수 완료 데이터
2026-01-05,000660,SK하이닉스,000660,698000.0,700000.0,684000.0,696000.0,4337511,696000.0,KRW,exchange,https://github.com/FinanceDataReader/FinanceDataReader,reviewed,SK하이닉스 3개년 일별 주가 수집 검수 완료 데이터
2026-01-06,000660,SK하이닉스,000660,690000.0,727000.0,671000.0,726000.0,4830275,726000.0,KRW,exchange,https://github.com/FinanceDataReader/FinanceDataReader,reviewed,SK하이닉스 3개년 일별 주가 수집 검수 완료 데이터
2026-01-07,000660,SK하이닉스,000660,760000.0,762000.0,728000.0,742000.0,5693115,742000.0,KRW,exchange,https://github.com/FinanceDataReader/FinanceDataReader,reviewed,SK하이닉스 3개년 일별 주가 수집 검수 완료 데이터
2026-01-08,000660,SK하이닉스,000660,731000.0,788000.0,731000.0,756000.0,6496379,756000.0,KRW,exchange,https://github.com/FinanceDataReader/FinanceDataReader,reviewed,SK하이닉스 3개년 일별 주가 수집 검수 완료 데이터
2026-01-09,000660,SK하이닉스,000660,744000.0,756000.0,727000.0,744000.0,4343703,744000.0,KRW,exchange,https://github.com/FinanceDataReader/FinanceDataReader,reviewed,SK하이닉스 3개년 일별 주가 수집 검수 완료 데이터
2026-01-12,000660,SK하이닉스,000660,755000.0,762000.0,735000.0,749000.0,3329793,749000.0,KRW,exchange,https://github.com/FinanceDataReader/FinanceDataReader,reviewed,SK하이닉스 3개년 일별 주가 수집 검수 완료 데이터
2026-01-13,000660,SK하이닉스,000660,753000.0,754000.0,724000.0,738000.0,3771944,738000.0,KRW,exchange,https://github.com/FinanceDataReader/FinanceDataReader,reviewed,SK하이닉스 3개년 일별 주가 수집 검수 완료 데이터
2026-01-14,000660,SK하이닉스,000660,733000.0,750000.0,728000.0,742000.0,4885051,742000.0,KRW,exchange,https://github.com/FinanceDataReader/FinanceDataReader,reviewed,SK하이닉스 3개년 일별 주가 수집 검수 완료 데이터
2026-01-15,000660,SK하이닉스,000660,732000.0,750000.0,727000.0,749000.0,3003414,749000.0,KRW,exchange,https://github.com/FinanceDataReader/FinanceDataReader,reviewed,SK하이닉스 3개년 일별 주가 수집 검수 완료 데이터
2026-01-16,000660,SK하이닉스,000660,751000.0,763000.0,747000.0,756000.0,3712326,756000.0,KRW,exchange,https://github.com/FinanceDataReader/FinanceDataReader,reviewed,SK하이닉스 3개년 일별 주가 수집 검수 완료 데이터
2026-01-19,000660,SK하이닉스,000660,755000.0,774000.0,750000.0,764000.0,3392008,764000.0,KRW,exchange,https://github.com/FinanceDataReader/FinanceDataReader,reviewed,SK하이닉스 3개년 일별 주가 수집 검수 완료 데이터
2026-01-20,000660,SK하이닉스,000660,764000.0,764000.0,737000.0,743000.0,2762369,743000.0,KRW,exchange,https://github.com/FinanceDataReader/FinanceDataReader,reviewed,SK하이닉스 3개년 일별 주가 수집 검수 완료 데이터
2026-01-21,000660,SK하이닉스,000660,729000.0,756000.0,728000.0,740000.0,5108442,740000.0,KRW,exchange,https://github.com/FinanceDataReader/FinanceDataReader,reviewed,SK하이닉스 3개년 일별 주가 수집 검수 완료 데이터
2026-01-22,000660,SK하이닉스,000660,766000.0,773000.0,751000.0,755000.0,3545309,755000.0,KRW,exchange,https://github.com/FinanceDataReader/FinanceDataReader,reviewed,SK하이닉스 3개년 일별 주가 수집 검수 완료 데이터
2026-01-23,000660,SK하이닉스,000660,754000.0,776000.0,744000.0,767000.0,3508272,767000.0,KRW,exchange,https://github.com/FinanceDataReader/FinanceDataReader,reviewed,SK하이닉스 3개년 일별 주가 수집 검수 완료 데이터
2026-01-26,000660,SK하이닉스,000660,753000.0,754000.0,736000.0,736000.0,3133330,736000.0,KRW,exchange,https://github.com/FinanceDataReader/FinanceDataReader,reviewed,SK하이닉스 3개년 일별 주가 수집 검수 완료 데이터
2026-01-27,000660,SK하이닉스,000660,738000.0,800000.0,733000.0,800000.0,5660198,800000.0,KRW,exchange,https://github.com/FinanceDataReader/FinanceDataReader,reviewed,SK하이닉스 3개년 일별 주가 수집 검수 완료 데이터
2026-01-28,000660,SK하이닉스,000660,810000.0,854000.0,803000.0,841000.0,6708497,841000.0,KRW,exchange,https://github.com/FinanceDataReader/FinanceDataReader,reviewed,SK하이닉스 3개년 일별 주가 수집 검수 완료 데이터
2026-01-29,000660,SK하이닉스,000660,879000.0,884000.0,819000.0,861000.0,6837983,861000.0,KRW,exchange,https://github.com/FinanceDataReader/FinanceDataReader,reviewed,SK하이닉스 3개년 일별 주가 수집 검수 완료 데이터
2026-01-30,000660,SK하이닉스,000660,854000.0,931000.0,853000.0,909000.0,7875195,909000.0,KRW,exchange,https://github.com/FinanceDataReader/FinanceDataReader,reviewed,SK하이닉스 3개년 일별 주가 수집 검수 완료 데이터
2026-02-02,000660,SK하이닉스,000660,870000.0,888000.0,830000.0,830000.0,7634191,830000.0,KRW,exchange,https://github.com/FinanceDataReader/FinanceDataReader,reviewed,SK하이닉스 3개년 일별 주가 수집 검수 완료 데이터
2026-02-03,000660,SK하이닉스,000660,874000.0,907000.0,871000.0,907000.0,5272538,907000.0,KRW,exchange,https://github.com/FinanceDataReader/FinanceDataReader,reviewed,SK하이닉스 3개년 일별 주가 수집 검수 완료 데이터
2026-02-04,000660,SK하이닉스,000660,884000.0,906000.0,883000.0,900000.0,3800763,900000.0,KRW,exchange,https://github.com/FinanceDataReader/FinanceDataReader,reviewed,SK하이닉스 3개년 일별 주가 수집 검수 완료 데이터
2026-02-05,000660,SK하이닉스,000660,851000.0,877000.0,838000.0,842000.0,5473720,842000.0,KRW,exchange,https://github.com/FinanceDataReader/FinanceDataReader,reviewed,SK하이닉스 3개년 일별 주가 수집 검수 완료 데이터
2026-02-06,000660,SK하이닉스,000660,805000.0,850000.0,791000.0,839000.0,5581574,839000.0,KRW,exchange,https://github.com/FinanceDataReader/FinanceDataReader,reviewed,SK하이닉스 3개년 일별 주가 수집 검수 완료 데이터
2026-02-09,000660,SK하이닉스,000660,898000.0,899000.0,873000.0,887000.0,4228584,887000.0,KRW,exchange,https://github.com/FinanceDataReader/FinanceDataReader,reviewed,SK하이닉스 3개년 일별 주가 수집 검수 완료 데이터
2026-02-10,000660,SK하이닉스,000660,894000.0,905000.0,876000.0,876000.0,3441377,876000.0,KRW,exchange,https://github.com/FinanceDataReader/FinanceDataReader,reviewed,SK하이닉스 3개년 일별 주가 수집 검수 완료 데이터
2026-02-11,000660,SK하이닉스,000660,860000.0,874000.0,848000.0,860000.0,3125590,860000.0,KRW,exchange,https://github.com/FinanceDataReader/FinanceDataReader,reviewed,SK하이닉스 3개년 일별 주가 수집 검수 완료 데이터
2026-02-12,000660,SK하이닉스,000660,882000.0,894000.0,878000.0,888000.0,4619344,888000.0,KRW,exchange,https://github.com/FinanceDataReader/FinanceDataReader,reviewed,SK하이닉스 3개년 일별 주가 수집 검수 완료 데이터
2026-02-13,000660,SK하이닉스,000660,889000.0,903000.0,878000.0,880000.0,3534047,880000.0,KRW,exchange,https://github.com/FinanceDataReader/FinanceDataReader,reviewed,SK하이닉스 3개년 일별 주가 수집 검수 완료 데이터
2026-02-19,000660,SK하이닉스,000660,905000.0,913000.0,888000.0,894000.0,3285109,894000.0,KRW,exchange,https://github.com/FinanceDataReader/FinanceDataReader,reviewed,SK하이닉스 3개년 일별 주가 수집 검수 완료 데이터
2026-02-20,000660,SK하이닉스,000660,892000.0,955000.0,881000.0,949000.0,5054333,949000.0,KRW,exchange,https://github.com/FinanceDataReader/FinanceDataReader,reviewed,SK하이닉스 3개년 일별 주가 수집 검수 완료 데이터
2026-02-23,000660,SK하이닉스,000660,980000.0,980000.0,941000.0,951000.0,3523887,951000.0,KRW,exchange,https://github.com/FinanceDataReader/FinanceDataReader,reviewed,SK하이닉스 3개년 일별 주가 수집 검수 완료 데이터
2026-02-24,000660,SK하이닉스,000660,952000.0,1005000.0,946000.0,1005000.0,4102382,1005000.0,KRW,exchange,https://github.com/FinanceDataReader/FinanceDataReader,reviewed,SK하이닉스 3개년 일별 주가 수집 검수 완료 데이터
2026-02-25,000660,SK하이닉스,000660,1012000.0,1038000.0,1004000.0,1018000.0,3462525,1018000.0,KRW,exchange,https://github.com/FinanceDataReader/FinanceDataReader,reviewed,SK하이닉스 3개년 일별 주가 수집 검수 완료 데이터
2026-02-26,000660,SK하이닉스,000660,1024000.0,1099000.0,1023000.0,1099000.0,4461976,1099000.0,KRW,exchange,https://github.com/FinanceDataReader/FinanceDataReader,reviewed,SK하이닉스 3개년 일별 주가 수집 검수 완료 데이터
2026-02-27,000660,SK하이닉스,000660,1050000.0,1096000.0,1048000.0,1061000.0,6453062,1061000.0,KRW,exchange,https://github.com/FinanceDataReader/FinanceDataReader,reviewed,SK하이닉스 3개년 일별 주가 수집 검수 완료 데이터
2026-03-03,000660,SK하이닉스,000660,1022000.0,1040000.0,939000.0,939000.0,6818327,939000.0,KRW,exchange,https://github.com/FinanceDataReader/FinanceDataReader,reviewed,SK하이닉스 3개년 일별 주가 수집 검수 완료 데이터
2026-03-04,000660,SK하이닉스,000660,894000.0,954000.0,846000.0,849000.0,9253420,849000.0,KRW,exchange,https://github.com/FinanceDataReader/FinanceDataReader,reviewed,SK하이닉스 3개년 일별 주가 수집 검수 완료 데이터
2026-03-05,000660,SK하이닉스,000660,976000.0,992000.0,927000.0,941000.0,6442459,941000.0,KRW,exchange,https://github.com/FinanceDataReader/FinanceDataReader,reviewed,SK하이닉스 3개년 일별 주가 수집 검수 완료 데이터
2026-03-06,000660,SK하이닉스,000660,912000.0,938000.0,885000.0,924000.0,3744322,924000.0,KRW,exchange,https://github.com/FinanceDataReader/FinanceDataReader,reviewed,SK하이닉스 3개년 일별 주가 수집 검수 완료 데이터
2026-03-09,000660,SK하이닉스,000660,851000.0,864000.0,808000.0,836000.0,7253621,836000.0,KRW,exchange,https://github.com/FinanceDataReader/FinanceDataReader,reviewed,SK하이닉스 3개년 일별 주가 수집 검수 완료 데이터
2026-03-10,000660,SK하이닉스,000660,915000.0,950000.0,899000.0,938000.0,5304897,938000.0,KRW,exchange,https://github.com/FinanceDataReader/FinanceDataReader,reviewed,SK하이닉스 3개년 일별 주가 수집 검수 완료 데이터
2026-03-11,000660,SK하이닉스,000660,954000.0,985000.0,941000.0,955000.0,3916098,955000.0,KRW,exchange,https://github.com/FinanceDataReader/FinanceDataReader,reviewed,SK하이닉스 3개년 일별 주가 수집 검수 완료 데이터
2026-03-12,000660,SK하이닉스,000660,938000.0,963000.0,928000.0,930000.0,3711742,930000.0,KRW,exchange,https://github.com/FinanceDataReader/FinanceDataReader,reviewed,SK하이닉스 3개년 일별 주가 수집 검수 완료 데이터
2026-03-13,000660,SK하이닉스,000660,891000.0,929000.0,884000.0,910000.0,3645102,910000.0,KRW,exchange,https://github.com/FinanceDataReader/FinanceDataReader,reviewed,SK하이닉스 3개년 일별 주가 수집 검수 완료 데이터
2026-03-16,000660,SK하이닉스,000660,925000.0,975000.0,924000.0,974000.0,3829496,974000.0,KRW,exchange,https://github.com/FinanceDataReader/FinanceDataReader,reviewed,SK하이닉스 3개년 일별 주가 수집 검수 완료 데이터
2026-03-17,000660,SK하이닉스,000660,1009000.0,1010000.0,969000.0,970000.0,3326240,970000.0,KRW,exchange,https://github.com/FinanceDataReader/FinanceDataReader,reviewed,SK하이닉스 3개년 일별 주가 수집 검수 완료 데이터
2026-03-18,000660,SK하이닉스,000660,1000000.0,1060000.0,999000.0,1056000.0,4347884,1056000.0,KRW,exchange,https://github.com/FinanceDataReader/FinanceDataReader,reviewed,SK하이닉스 3개년 일별 주가 수집 검수 완료 데이터
2026-03-19,000660,SK하이닉스,000660,1008000.0,1043000.0,1003000.0,1013000.0,3347483,1013000.0,KRW,exchange,https://github.com/FinanceDataReader/FinanceDataReader,reviewed,SK하이닉스 3개년 일별 주가 수집 검수 완료 데이터
2026-03-20,000660,SK하이닉스,000660,1023000.0,1026000.0,1002000.0,1007000.0,3426646,1007000.0,KRW,exchange,https://github.com/FinanceDataReader/FinanceDataReader,reviewed,SK하이닉스 3개년 일별 주가 수집 검수 완료 데이터
2026-03-23,000660,SK하이닉스,000660,952000.0,963000.0,927000.0,933000.0,3911813,933000.0,KRW,exchange,https://github.com/FinanceDataReader/FinanceDataReader,reviewed,SK하이닉스 3개년 일별 주가 수집 검수 완료 데이터
2026-03-24,000660,SK하이닉스,000660,993000.0,994000.0,938000.0,986000.0,4352152,986000.0,KRW,exchange,https://github.com/FinanceDataReader/FinanceDataReader,reviewed,SK하이닉스 3개년 일별 주가 수집 검수 완료 데이터
2026-03-25,000660,SK하이닉스,000660,1016000.0,1042000.0,988000.0,995000.0,4463869,995000.0,KRW,exchange,https://github.com/FinanceDataReader/FinanceDataReader,reviewed,SK하이닉스 3개년 일별 주가 수집 검수 완료 데이터
2026-03-26,000660,SK하이닉스,000660,965000.0,973000.0,931000.0,933000.0,4660620,933000.0,KRW,exchange,https://github.com/FinanceDataReader/FinanceDataReader,reviewed,SK하이닉스 3개년 일별 주가 수집 검수 완료 데이터
2026-03-27,000660,SK하이닉스,000660,890000.0,934000.0,880000.0,922000.0,4520942,922000.0,KRW,exchange,https://github.com/FinanceDataReader/FinanceDataReader,reviewed,SK하이닉스 3개년 일별 주가 수집 검수 완료 데이터
2026-03-30,000660,SK하이닉스,000660,867000.0,884000.0,862000.0,873000.0,4498502,873000.0,KRW,exchange,https://github.com/FinanceDataReader/FinanceDataReader,reviewed,SK하이닉스 3개년 일별 주가 수집 검수 완료 데이터
2026-03-31,000660,SK하이닉스,000660,817000.0,852000.0,806000.0,807000.0,7194351,807000.0,KRW,exchange,https://github.com/FinanceDataReader/FinanceDataReader,reviewed,SK하이닉스 3개년 일별 주가 수집 검수 완료 데이터
2026-04-01,000660,SK하이닉스,000660,884000.0,905000.0,858000.0,893000.0,6255058,893000.0,KRW,exchange,https://github.com/FinanceDataReader/FinanceDataReader,reviewed,SK하이닉스 3개년 일별 주가 수집 검수 완료 데이터
2026-04-02,000660,SK하이닉스,000660,912000.0,914000.0,818000.0,830000.0,6127534,830000.0,KRW,exchange,https://github.com/FinanceDataReader/FinanceDataReader,reviewed,SK하이닉스 3개년 일별 주가 수집 검수 완료 데이터
2026-04-03,000660,SK하이닉스,000660,867000.0,886000.0,860000.0,876000.0,2927164,876000.0,KRW,exchange,https://github.com/FinanceDataReader/FinanceDataReader,reviewed,SK하이닉스 3개년 일별 주가 수집 검수 완료 데이터
2026-04-06,000660,SK하이닉스,000660,877000.0,901500.0,869000.0,886000.0,3100989,886000.0,KRW,exchange,https://github.com/FinanceDataReader/FinanceDataReader,reviewed,SK하이닉스 3개년 일별 주가 수집 검수 완료 데이터
2026-04-07,000660,SK하이닉스,000660,917000.0,933000.0,888000.0,916000.0,3619929,916000.0,KRW,exchange,https://github.com/FinanceDataReader/FinanceDataReader,reviewed,SK하이닉스 3개년 일별 주가 수집 검수 완료 데이터
2026-04-08,000660,SK하이닉스,000660,1007000.0,1056000.0,992000.0,1033000.0,6709356,1033000.0,KRW,exchange,https://github.com/FinanceDataReader/FinanceDataReader,reviewed,SK하이닉스 3개년 일별 주가 수집 검수 완료 데이터
2026-04-09,000660,SK하이닉스,000660,1015000.0,1025000.0,990000.0,998000.0,5026817,998000.0,KRW,exchange,https://github.com/FinanceDataReader/FinanceDataReader,reviewed,SK하이닉스 3개년 일별 주가 수집 검수 완료 데이터
2026-04-10,000660,SK하이닉스,000660,1030000.0,1042000.0,1024000.0,1027000.0,3134921,1027000.0,KRW,exchange,https://github.com/FinanceDataReader/FinanceDataReader,reviewed,SK하이닉스 3개년 일별 주가 수집 검수 완료 데이터
2026-04-13,000660,SK하이닉스,000660,999000.0,1043000.0,996000.0,1040000.0,2769753,1040000.0,KRW,exchange,https://github.com/FinanceDataReader/FinanceDataReader,reviewed,SK하이닉스 3개년 일별 주가 수집 검수 완료 데이터
2026-04-14,000660,SK하이닉스,000660,1092000.0,1128000.0,1078000.0,1103000.0,4754545,1103000.0,KRW,exchange,https://github.com/FinanceDataReader/FinanceDataReader,reviewed,SK하이닉스 3개년 일별 주가 수집 검수 완료 데이터
2026-04-15,000660,SK하이닉스,000660,1165000.0,1173000.0,1130000.0,1136000.0,4093703,1136000.0,KRW,exchange,https://github.com/FinanceDataReader/FinanceDataReader,reviewed,SK하이닉스 3개년 일별 주가 수집 검수 완료 데이터
2026-04-16,000660,SK하이닉스,000660,1141000.0,1161000.0,1130000.0,1155000.0,2901319,1155000.0,KRW,exchange,https://github.com/FinanceDataReader/FinanceDataReader,reviewed,SK하이닉스 3개년 일별 주가 수집 검수 완료 데이터
2026-04-17,000660,SK하이닉스,000660,1149000.0,1155000.0,1121000.0,1128000.0,3578235,1128000.0,KRW,exchange,https://github.com/FinanceDataReader/FinanceDataReader,reviewed,SK하이닉스 3개년 일별 주가 수집 검수 완료 데이터
2026-04-20,000660,SK하이닉스,000660,1148000.0,1175000.0,1141000.0,1166000.0,3748014,1166000.0,KRW,exchange,https://github.com/FinanceDataReader/FinanceDataReader,reviewed,SK하이닉스 3개년 일별 주가 수집 검수 완료 데이터
2026-04-21,000660,SK하이닉스,000660,1196000.0,1228000.0,1193000.0,1224000.0,3516960,1224000.0,KRW,exchange,https://github.com/FinanceDataReader/FinanceDataReader,reviewed,SK하이닉스 3개년 일별 주가 수집 검수 완료 데이터
2026-04-22,000660,SK하이닉스,000660,1227000.0,1233000.0,1195000.0,1223000.0,2894919,1223000.0,KRW,exchange,https://github.com/FinanceDataReader/FinanceDataReader,reviewed,SK하이닉스 3개년 일별 주가 수집 검수 완료 데이터
2026-04-23,000660,SK하이닉스,000660,1220000.0,1267000.0,1183000.0,1225000.0,5343871,1225000.0,KRW,exchange,https://github.com/FinanceDataReader/FinanceDataReader,reviewed,SK하이닉스 3개년 일별 주가 수집 검수 완료 데이터
2026-04-24,000660,SK하이닉스,000660,1237000.0,1242000.0,1193000.0,1222000.0,3127857,1222000.0,KRW,exchange,https://github.com/FinanceDataReader/FinanceDataReader,reviewed,SK하이닉스 3개년 일별 주가 수집 검수 완료 데이터
2026-04-27,000660,SK하이닉스,000660,1253000.0,1317000.0,1249000.0,1292000.0,4563073,1292000.0,KRW,exchange,https://github.com/FinanceDataReader/FinanceDataReader,reviewed,SK하이닉스 3개년 일별 주가 수집 검수 완료 데이터
2026-04-28,000660,SK하이닉스,000660,1313000.0,1328000.0,1296000.0,1300000.0,3002713,1300000.0,KRW,exchange,https://github.com/FinanceDataReader/FinanceDataReader,reviewed,SK하이닉스 3개년 일별 주가 수집 검수 완료 데이터
2026-04-29,000660,SK하이닉스,000660,1284000.0,1317000.0,1281000.0,1293000.0,3001208,1293000.0,KRW,exchange,https://github.com/FinanceDataReader/FinanceDataReader,reviewed,SK하이닉스 3개년 일별 주가 수집 검수 완료 데이터
2026-04-30,000660,SK하이닉스,000660,1312000.0,1325000.0,1286000.0,1286000.0,3342342,1286000.0,KRW,exchange,https://github.com/FinanceDataReader/FinanceDataReader,reviewed,SK하이닉스 3개년 일별 주가 수집 검수 완료 데이터
2026-05-04,000660,SK하이닉스,000660,1339000.0,1450000.0,1333000.0,1447000.0,5776641,1447000.0,KRW,exchange,https://github.com/FinanceDataReader/FinanceDataReader,reviewed,SK하이닉스 3개년 일별 주가 수집 검수 완료 데이터
2026-05-06,000660,SK하이닉스,000660,1590000.0,1614000.0,1557000.0,1601000.0,6631934,1601000.0,KRW,exchange,https://github.com/FinanceDataReader/FinanceDataReader,reviewed,SK하이닉스 3개년 일별 주가 수집 검수 완료 데이터
2026-05-07,000660,SK하이닉스,000660,1622000.0,1665000.0,1567000.0,1654000.0,5860618,1654000.0,KRW,exchange,https://github.com/FinanceDataReader/FinanceDataReader,reviewed,SK하이닉스 3개년 일별 주가 수집 검수 완료 데이터
2026-05-08,000660,SK하이닉스,000660,1591000.0,1689000.0,1591000.0,1686000.0,4278087,1686000.0,KRW,exchange,https://github.com/FinanceDataReader/FinanceDataReader,reviewed,SK하이닉스 3개년 일별 주가 수집 검수 완료 데이터
2026-05-11,000660,SK하이닉스,000660,1833000.0,1949000.0,1826000.0,1880000.0,7433039,1880000.0,KRW,exchange,https://github.com/FinanceDataReader/FinanceDataReader,reviewed,SK하이닉스 3개년 일별 주가 수집 검수 완료 데이터
2026-05-12,000660,SK하이닉스,000660,1944000.0,1967000.0,1804000.0,1835000.0,9160593,1835000.0,KRW,exchange,https://github.com/FinanceDataReader/FinanceDataReader,reviewed,SK하이닉스 3개년 일별 주가 수집 검수 완료 데이터
2026-05-13,000660,SK하이닉스,000660,1781000.0,1990000.0,1781000.0,1976000.0,7126921,1976000.0,KRW,exchange,https://github.com/FinanceDataReader/FinanceDataReader,reviewed,SK하이닉스 3개년 일별 주가 수집 검수 완료 데이터
2026-05-14,000660,SK하이닉스,000660,1976000.0,1994000.0,1937000.0,1970000.0,6040068,1970000.0,KRW,exchange,https://github.com/FinanceDataReader/FinanceDataReader,reviewed,SK하이닉스 3개년 일별 주가 수집 검수 완료 데이터
2026-05-15,000660,SK하이닉스,000660,1950000.0,1995000.0,1789000.0,1819000.0,7485233,1819000.0,KRW,exchange,https://github.com/FinanceDataReader/FinanceDataReader,reviewed,SK하이닉스 3개년 일별 주가 수집 검수 완료 데이터
2026-05-18,000660,SK하이닉스,000660,1780000.0,1897000.0,1731000.0,1840000.0,6481608,1840000.0,KRW,exchange,https://github.com/FinanceDataReader/FinanceDataReader,reviewed,SK하이닉스 3개년 일별 주가 수집 검수 완료 데이터
2026-05-19,000660,SK하이닉스,000660,1791000.0,1823000.0,1740000.0,1745000.0,4575855,1745000.0,KRW,exchange,https://github.com/FinanceDataReader/FinanceDataReader,reviewed,SK하이닉스 3개년 일별 주가 수집 검수 완료 데이터
2026-05-20,000660,SK하이닉스,000660,1743000.0,1778000.0,1690000.0,1745000.0,5535123,1745000.0,KRW,exchange,https://github.com/FinanceDataReader/FinanceDataReader,reviewed,SK하이닉스 3개년 일별 주가 수집 검수 완료 데이터
2026-05-21,000660,SK하이닉스,000660,1801000.0,1954000.0,1796000.0,1940000.0,5096690,1940000.0,KRW,exchange,https://github.com/FinanceDataReader/FinanceDataReader,reviewed,SK하이닉스 3개년 일별 주가 수집 검수 완료 데이터
2026-05-22,000660,SK하이닉스,000660,1942000.0,1952000.0,1912000.0,1941000.0,3135190,1941000.0,KRW,exchange,https://github.com/FinanceDataReader/FinanceDataReader,reviewed,SK하이닉스 3개년 일별 주가 수집 검수 완료 데이터
2026-05-26,000660,SK하이닉스,000660,2008000.0,2087000.0,2006000.0,2052000.0,4903591,2052000.0,KRW,exchange,https://github.com/FinanceDataReader/FinanceDataReader,reviewed,SK하이닉스 3개년 일별 주가 수집 검수 완료 데이터
2026-05-27,000660,SK하이닉스,000660,2279000.0,2358000.0,2200000.0,2243000.0,7545783,2243000.0,KRW,exchange,https://github.com/FinanceDataReader/FinanceDataReader,reviewed,SK하이닉스 3개년 일별 주가 수집 검수 완료 데이터
2026-05-28,000660,SK하이닉스,000660,2189000.0,2305000.0,2151000.0,2289000.0,6229499,2289000.0,KRW,exchange,https://github.com/FinanceDataReader/FinanceDataReader,reviewed,SK하이닉스 3개년 일별 주가 수집 검수 완료 데이터
2026-05-29,000660,SK하이닉스,000660,2352000.0,2379000.0,2290500.0,2333000.0,8518013,2333000.0,KRW,exchange,https://github.com/FinanceDataReader/FinanceDataReader,reviewed,SK하이닉스 3개년 일별 주가 수집 검수 완료 데이터
2026-06-01,000660,SK하이닉스,000660,2299000.0,2398000.0,2296000.0,2363000.0,5602897,2363000.0,KRW,exchange,https://github.com/FinanceDataReader/FinanceDataReader,reviewed,SK하이닉스 3개년 일별 주가 수집 검수 완료 데이터
2026-06-02,000660,SK하이닉스,000660,2376000.0,2407000.0,2259000.0,2360000.0,5837216,2360000.0,KRW,exchange,https://github.com/FinanceDataReader/FinanceDataReader,reviewed,SK하이닉스 3개년 일별 주가 수집 검수 완료 데이터
2026-06-04,000660,SK하이닉스,000660,2284000.0,2327000.0,2262000.0,2298000.0,3941067,2298000.0,KRW,exchange,https://github.com/FinanceDataReader/FinanceDataReader,reviewed,SK하이닉스 3개년 일별 주가 수집 검수 완료 데이터
2026-06-05,000660,SK하이닉스,000660,2142000.0,2188000.0,2070000.0,2070000.0,5778751,2070000.0,KRW,exchange,https://github.com/FinanceDataReader/FinanceDataReader,reviewed,SK하이닉스 3개년 일별 주가 수집 검수 완료 데이터
2026-06-08,000660,SK하이닉스,000660,1856000.0,2072000.0,1855000.0,1911000.0,6610833,1911000.0,KRW,exchange,https://github.com/FinanceDataReader/FinanceDataReader,reviewed,SK하이닉스 3개년 일별 주가 수집 검수 완료 데이터
2026-06-09,000660,SK하이닉스,000660,2050000.0,2226000.0,1998000.0,2215000.0,5878039,2215000.0,KRW,exchange,https://github.com/FinanceDataReader/FinanceDataReader,reviewed,SK하이닉스 3개년 일별 주가 수집 검수 완료 데이터
2026-06-10,000660,SK하이닉스,000660,2137000.0,2180000.0,1992000.0,2048000.0,4928269,2048000.0,KRW,exchange,https://github.com/FinanceDataReader/FinanceDataReader,reviewed,SK하이닉스 3개년 일별 주가 수집 검수 완료 데이터
2026-06-11,000660,SK하이닉스,000660,1975000.0,2163000.0,1960000.0,2101000.0,6625775,2101000.0,KRW,exchange,https://github.com/FinanceDataReader/FinanceDataReader,reviewed,SK하이닉스 3개년 일별 주가 수집 검수 완료 데이터
2026-06-12,000660,SK하이닉스,000660,2281000.0,2304000.0,2150000.0,2150000.0,5286416,2150000.0,KRW,exchange,https://github.com/FinanceDataReader/FinanceDataReader,reviewed,SK하이닉스 3개년 일별 주가 수집 검수 완료 데이터
2026-06-15,000660,SK하이닉스,000660,2283000.0,2322000.0,2265000.0,2288000.0,3872910,2288000.0,KRW,exchange,https://github.com/FinanceDataReader/FinanceDataReader,reviewed,SK하이닉스 3개년 일별 주가 수집 검수 완료 데이터
2026-06-16,000660,SK하이닉스,000660,2381000.0,2400000.0,2286000.0,2382000.0,3644469,2382000.0,KRW,exchange,https://github.com/FinanceDataReader/FinanceDataReader,reviewed,SK하이닉스 3개년 일별 주가 수집 검수 완료 데이터
2026-06-17,000660,SK하이닉스,000660,2335000.0,2523000.0,2334000.0,2521000.0,3980010,2521000.0,KRW,exchange,https://github.com/FinanceDataReader/FinanceDataReader,reviewed,SK하이닉스 3개년 일별 주가 수집 검수 완료 데이터
2026-06-18,000660,SK하이닉스,000660,2556000.0,2738000.0,2556000.0,2685000.0,5808765,2685000.0,KRW,exchange,https://github.com/FinanceDataReader/FinanceDataReader,reviewed,SK하이닉스 3개년 일별 주가 수집 검수 완료 데이터
2026-06-19,000660,SK하이닉스,000660,2824000.0,2891000.0,2688000.0,2764000.0,7478195,2764000.0,KRW,exchange,https://github.com/FinanceDataReader/FinanceDataReader,reviewed,SK하이닉스 3개년 일별 주가 수집 검수 완료 데이터
2026-06-22,000660,SK하이닉스,000660,2728000.0,2945000.0,2728000.0,2919000.0,5179795,2919000.0,KRW,exchange,https://github.com/FinanceDataReader/FinanceDataReader,reviewed,SK하이닉스 3개년 일별 주가 수집 검수 완료 데이터
2026-06-23,000660,SK하이닉스,000660,2898000.0,2943000.0,2536000.0,2555000.0,8050335,2555000.0,KRW,exchange,https://github.com/FinanceDataReader/FinanceDataReader,reviewed,SK하이닉스 3개년 일별 주가 수집 검수 완료 데이터
2026-06-24,000660,SK하이닉스,000660,2598000.0,2703000.0,2453000.0,2580000.0,7487916,2580000.0,KRW,exchange,https://github.com/FinanceDataReader/FinanceDataReader,reviewed,SK하이닉스 3개년 일별 주가 수집 검수 완료 데이터
2026-06-25,000660,SK하이닉스,000660,2865000.0,2987000.0,2749000.0,2917000.0,6790853,2917000.0,KRW,exchange,https://github.com/FinanceDataReader/FinanceDataReader,reviewed,SK하이닉스 3개년 일별 주가 수집 검수 완료 데이터
2026-06-26,000660,SK하이닉스,000660,2850000.0,2880000.0,2600000.0,2673000.0,7467492,2673000.0,KRW,exchange,https://github.com/FinanceDataReader/FinanceDataReader,reviewed,SK하이닉스 3개년 일별 주가 수집 검수 완료 데이터
2026-06-29,000660,SK하이닉스,000660,2636000.0,2688000.0,2517000.0,2628000.0,5217788,2628000.0,KRW,exchange,https://github.com/FinanceDataReader/FinanceDataReader,reviewed,SK하이닉스 3개년 일별 주가 수집 검수 완료 데이터
2026-06-30,000660,SK하이닉스,000660,2608000.0,2742000.0,2541000.0,2650000.0,5109213,2650000.0,KRW,exchange,https://github.com/FinanceDataReader/FinanceDataReader,reviewed,SK하이닉스 3개년 일별 주가 수집 검수 완료 데이터
2026-07-01,000660,SK하이닉스,000660,2665000.0,2723000.0,2502000.0,2560000.0,4277276,2560000.0,KRW,exchange,https://github.com/FinanceDataReader/FinanceDataReader,reviewed,SK하이닉스 3개년 일별 주가 수집 검수 완료 데이터
2026-07-02,000660,SK하이닉스,000660,2351000.0,2448000.0,2187000.0,2187000.0,7685914,2187000.0,KRW,exchange,https://github.com/FinanceDataReader/FinanceDataReader,reviewed,SK하이닉스 3개년 일별 주가 수집 검수 완료 데이터
2026-07-03,000660,SK하이닉스,000660,2197000.0,2454000.0,2045000.0,2425000.0,7984914,2425000.0,KRW,exchange,https://github.com/FinanceDataReader/FinanceDataReader,reviewed,SK하이닉스 3개년 일별 주가 수집 검수 완료 데이터
2026-07-06,000660,SK하이닉스,000660,2450000.0,2497000.0,2292000.0,2343000.0,4235360,2343000.0,KRW,exchange,https://github.com/FinanceDataReader/FinanceDataReader,reviewed,SK하이닉스 3개년 일별 주가 수집 검수 완료 데이터
2026-07-07,000660,SK하이닉스,000660,2289000.0,2343000.0,2080000.0,2201000.0,6351195,2201000.0,KRW,exchange,https://github.com/FinanceDataReader/FinanceDataReader,reviewed,SK하이닉스 3개년 일별 주가 수집 검수 완료 데이터
2026-07-08,000660,SK하이닉스,000660,2118000.0,2329000.0,2076000.0,2076000.0,6975631,2076000.0,KRW,exchange,https://github.com/FinanceDataReader/FinanceDataReader,reviewed,SK하이닉스 3개년 일별 주가 수집 검수 완료 데이터
2026-07-09,000660,SK하이닉스,000660,2228000.0,2270000.0,2091000.0,2186000.0,6261504,2186000.0,KRW,exchange,https://github.com/FinanceDataReader/FinanceDataReader,reviewed,SK하이닉스 3개년 일별 주가 수집 검수 완료 데이터
2026-07-10,000660,SK하이닉스,000660,2296000.0,2305000.0,2166000.0,2180000.0,4827239,2180000.0,KRW,exchange,https://github.com/FinanceDataReader/FinanceDataReader,reviewed,SK하이닉스 3개년 일별 주가 수집 검수 완료 데이터
2026-07-13,000660,SK하이닉스,000660,2113000.0,2142000.0,1839000.0,1845000.0,8040043,1845000.0,KRW,exchange,https://github.com/FinanceDataReader/FinanceDataReader,reviewed,SK하이닉스 3개년 일별 주가 수집 검수 완료 데이터
2026-07-14,000660,SK하이닉스,000660,1825000.0,1936000.0,1678000.0,1913000.0,10447011,1913000.0,KRW,exchange,https://github.com/FinanceDataReader/FinanceDataReader,reviewed,SK하이닉스 3개년 일별 주가 수집 검수 완료 데이터
2026-07-15,000660,SK하이닉스,000660,2120000.0,2171000.0,2070000.0,2082000.0,6046951,2082000.0,KRW,exchange,https://github.com/FinanceDataReader/FinanceDataReader,reviewed,SK하이닉스 3개년 일별 주가 수집 검수 완료 데이터
2026-07-16,000660,SK하이닉스,000660,1902000.0,1919000.0,1821000.0,1842000.0,5608812,1842000.0,KRW,exchange,https://github.com/FinanceDataReader/FinanceDataReader,reviewed,SK하이닉스 3개년 일별 주가 수집 검수 완료 데이터
2026-07-20,000660,SK하이닉스,000660,1745000.0,1892000.0,1735000.0,1764000.0,5876444,1764000.0,KRW,exchange,https://github.com/FinanceDataReader/FinanceDataReader,reviewed,SK하이닉스 3개년 일별 주가 수집 검수 완료 데이터
2026-07-21,000660,SK하이닉스,000660,1775000.0,1821000.0,1732000.0,1814000.0,1438568,1814000.0,KRW,exchange,https://github.com/FinanceDataReader/FinanceDataReader,reviewed,SK하이닉스 3개년 일별 주가 수집 검수 완료 데이터
2023-07-24,005930,삼성전자,005930,70100.0,70900.0,69900.0,70400.0,13418597,70400.0,KRW,exchange,https://github.com/FinanceDataReader/FinanceDataReader,reviewed,삼성전자 3개년 일별 주가 수집 검수 완료 데이터
2023-07-25,005930,삼성전자,005930,70000.0,70500.0,69800.0,70000.0,14314945,70000.0,KRW,exchange,https://github.com/FinanceDataReader/FinanceDataReader,reviewed,삼성전자 3개년 일별 주가 수집 검수 완료 데이터
2023-07-26,005930,삼성전자,005930,69800.0,70600.0,68100.0,69800.0,30016221,69800.0,KRW,exchange,https://github.com/FinanceDataReader/FinanceDataReader,reviewed,삼성전자 3개년 일별 주가 수집 검수 완료 데이터
2023-07-27,005930,삼성전자,005930,69900.0,71700.0,69300.0,71700.0,24261179,71700.0,KRW,exchange,https://github.com/FinanceDataReader/FinanceDataReader,reviewed,삼성전자 3개년 일별 주가 수집 검수 완료 데이터
2023-07-28,005930,삼성전자,005930,71800.0,72400.0,70100.0,70600.0,19420683,70600.0,KRW,exchange,https://github.com/FinanceDataReader/FinanceDataReader,reviewed,삼성전자 3개년 일별 주가 수집 검수 완료 데이터
2023-07-31,005930,삼성전자,005930,70900.0,71000.0,69800.0,69800.0,13035420,69800.0,KRW,exchange,https://github.com/FinanceDataReader/FinanceDataReader,reviewed,삼성전자 3개년 일별 주가 수집 검수 완료 데이터
2023-08-01,005930,삼성전자,005930,70100.0,71200.0,70000.0,71100.0,12299254,71100.0,KRW,exchange,https://github.com/FinanceDataReader/FinanceDataReader,reviewed,삼성전자 3개년 일별 주가 수집 검수 완료 데이터
2023-08-02,005930,삼성전자,005930,70700.0,71000.0,69800.0,69900.0,13835020,69900.0,KRW,exchange,https://github.com/FinanceDataReader/FinanceDataReader,reviewed,삼성전자 3개년 일별 주가 수집 검수 완료 데이터
2023-08-03,005930,삼성전자,005930,69900.0,70200.0,68500.0,68800.0,20087090,68800.0,KRW,exchange,https://github.com/FinanceDataReader/FinanceDataReader,reviewed,삼성전자 3개년 일별 주가 수집 검수 완료 데이터
2023-08-04,005930,삼성전자,005930,68800.0,69100.0,68200.0,68300.0,12360193,68300.0,KRW,exchange,https://github.com/FinanceDataReader/FinanceDataReader,reviewed,삼성전자 3개년 일별 주가 수집 검수 완료 데이터
2023-08-07,005930,삼성전자,005930,67700.0,69200.0,67600.0,68500.0,10968505,68500.0,KRW,exchange,https://github.com/FinanceDataReader/FinanceDataReader,reviewed,삼성전자 3개년 일별 주가 수집 검수 완료 데이터
2023-08-08,005930,삼성전자,005930,69000.0,69100.0,67400.0,67600.0,14664709,67600.0,KRW,exchange,https://github.com/FinanceDataReader/FinanceDataReader,reviewed,삼성전자 3개년 일별 주가 수집 검수 완료 데이터
2023-08-09,005930,삼성전자,005930,68000.0,69600.0,67900.0,68900.0,17259673,68900.0,KRW,exchange,https://github.com/FinanceDataReader/FinanceDataReader,reviewed,삼성전자 3개년 일별 주가 수집 검수 완료 데이터
2023-08-10,005930,삼성전자,005930,68300.0,68500.0,67800.0,68000.0,10227311,68000.0,KRW,exchange,https://github.com/FinanceDataReader/FinanceDataReader,reviewed,삼성전자 3개년 일별 주가 수집 검수 완료 데이터
2023-08-11,005930,삼성전자,005930,68400.0,68800.0,67500.0,67500.0,9781038,67500.0,KRW,exchange,https://github.com/FinanceDataReader/FinanceDataReader,reviewed,삼성전자 3개년 일별 주가 수집 검수 완료 데이터
2023-08-14,005930,삼성전자,005930,67500.0,67900.0,66900.0,67300.0,9352343,67300.0,KRW,exchange,https://github.com/FinanceDataReader/FinanceDataReader,reviewed,삼성전자 3개년 일별 주가 수집 검수 완료 데이터
2023-08-16,005930,삼성전자,005930,66700.0,67100.0,66300.0,67000.0,13174578,67000.0,KRW,exchange,https://github.com/FinanceDataReader/FinanceDataReader,reviewed,삼성전자 3개년 일별 주가 수집 검수 완료 데이터
2023-08-17,005930,삼성전자,005930,66300.0,66800.0,66000.0,66700.0,10778652,66700.0,KRW,exchange,https://github.com/FinanceDataReader/FinanceDataReader,reviewed,삼성전자 3개년 일별 주가 수집 검수 완료 데이터
2023-08-18,005930,삼성전자,005930,66000.0,66700.0,65800.0,66300.0,11745006,66300.0,KRW,exchange,https://github.com/FinanceDataReader/FinanceDataReader,reviewed,삼성전자 3개년 일별 주가 수집 검수 완료 데이터
2023-08-21,005930,삼성전자,005930,66600.0,67100.0,66300.0,66600.0,9720067,66600.0,KRW,exchange,https://github.com/FinanceDataReader/FinanceDataReader,reviewed,삼성전자 3개년 일별 주가 수집 검수 완료 데이터
2023-08-22,005930,삼성전자,005930,67200.0,67700.0,66300.0,66600.0,10500242,66600.0,KRW,exchange,https://github.com/FinanceDataReader/FinanceDataReader,reviewed,삼성전자 3개년 일별 주가 수집 검수 완료 데이터
2023-08-23,005930,삼성전자,005930,66700.0,67100.0,66400.0,67100.0,9549352,67100.0,KRW,exchange,https://github.com/FinanceDataReader/FinanceDataReader,reviewed,삼성전자 3개년 일별 주가 수집 검수 완료 데이터
2023-08-24,005930,삼성전자,005930,68300.0,68700.0,67900.0,68200.0,15044463,68200.0,KRW,exchange,https://github.com/FinanceDataReader/FinanceDataReader,reviewed,삼성전자 3개년 일별 주가 수집 검수 완료 데이터
2023-08-25,005930,삼성전자,005930,67100.0,67400.0,66900.0,67100.0,7032462,67100.0,KRW,exchange,https://github.com/FinanceDataReader/FinanceDataReader,reviewed,삼성전자 3개년 일별 주가 수집 검수 완료 데이터
2023-08-28,005930,삼성전자,005930,66800.0,67000.0,66500.0,66800.0,5824628,66800.0,KRW,exchange,https://github.com/FinanceDataReader/FinanceDataReader,reviewed,삼성전자 3개년 일별 주가 수집 검수 완료 데이터
2023-08-29,005930,삼성전자,005930,66900.0,67200.0,66600.0,66800.0,9114352,66800.0,KRW,exchange,https://github.com/FinanceDataReader/FinanceDataReader,reviewed,삼성전자 3개년 일별 주가 수집 검수 완료 데이터
2023-08-30,005930,삼성전자,005930,67300.0,67700.0,67100.0,67100.0,9181223,67100.0,KRW,exchange,https://github.com/FinanceDataReader/FinanceDataReader,reviewed,삼성전자 3개년 일별 주가 수집 검수 완료 데이터
2023-08-31,005930,삼성전자,005930,67100.0,67200.0,66400.0,66900.0,15964630,66900.0,KRW,exchange,https://github.com/FinanceDataReader/FinanceDataReader,reviewed,삼성전자 3개년 일별 주가 수집 검수 완료 데이터
2023-09-01,005930,삼성전자,005930,66800.0,71000.0,66700.0,71000.0,29738235,71000.0,KRW,exchange,https://github.com/FinanceDataReader/FinanceDataReader,reviewed,삼성전자 3개년 일별 주가 수집 검수 완료 데이터
2023-09-04,005930,삼성전자,005930,72900.0,72900.0,70700.0,71200.0,26286495,71200.0,KRW,exchange,https://github.com/FinanceDataReader/FinanceDataReader,reviewed,삼성전자 3개년 일별 주가 수집 검수 완료 데이터
2023-09-05,005930,삼성전자,005930,70900.0,71500.0,70200.0,70700.0,12330239,70700.0,KRW,exchange,https://github.com/FinanceDataReader/FinanceDataReader,reviewed,삼성전자 3개년 일별 주가 수집 검수 완료 데이터
2023-09-06,005930,삼성전자,005930,70700.0,70800.0,69700.0,70000.0,11414620,70000.0,KRW,exchange,https://github.com/FinanceDataReader/FinanceDataReader,reviewed,삼성전자 3개년 일별 주가 수집 검수 완료 데이터
2023-09-07,005930,삼성전자,005930,70000.0,70600.0,69600.0,70400.0,13741241,70400.0,KRW,exchange,https://github.com/FinanceDataReader/FinanceDataReader,reviewed,삼성전자 3개년 일별 주가 수집 검수 완료 데이터
2023-09-08,005930,삼성전자,005930,70200.0,70300.0,69600.0,70300.0,10688118,70300.0,KRW,exchange,https://github.com/FinanceDataReader/FinanceDataReader,reviewed,삼성전자 3개년 일별 주가 수집 검수 완료 데이터
2023-09-11,005930,삼성전자,005930,70400.0,70800.0,70000.0,70800.0,11785462,70800.0,KRW,exchange,https://github.com/FinanceDataReader/FinanceDataReader,reviewed,삼성전자 3개년 일별 주가 수집 검수 완료 데이터
2023-09-12,005930,삼성전자,005930,70800.0,71000.0,70400.0,70500.0,11688599,70500.0,KRW,exchange,https://github.com/FinanceDataReader/FinanceDataReader,reviewed,삼성전자 3개년 일별 주가 수집 검수 완료 데이터
2023-09-13,005930,삼성전자,005930,71100.0,71600.0,70300.0,70900.0,15955797,70900.0,KRW,exchange,https://github.com/FinanceDataReader/FinanceDataReader,reviewed,삼성전자 3개년 일별 주가 수집 검수 완료 데이터
2023-09-14,005930,삼성전자,005930,71200.0,71800.0,70800.0,71700.0,21041407,71700.0,KRW,exchange,https://github.com/FinanceDataReader/FinanceDataReader,reviewed,삼성전자 3개년 일별 주가 수집 검수 완료 데이터
2023-09-15,005930,삼성전자,005930,71700.0,72300.0,71400.0,72000.0,17823512,72000.0,KRW,exchange,https://github.com/FinanceDataReader/FinanceDataReader,reviewed,삼성전자 3개년 일별 주가 수집 검수 완료 데이터
2023-09-18,005930,삼성전자,005930,71300.0,71700.0,70200.0,70200.0,16040727,70200.0,KRW,exchange,https://github.com/FinanceDataReader/FinanceDataReader,reviewed,삼성전자 3개년 일별 주가 수집 검수 완료 데이터
2023-09-19,005930,삼성전자,005930,70400.0,70800.0,69600.0,69800.0,11820188,69800.0,KRW,exchange,https://github.com/FinanceDataReader/FinanceDataReader,reviewed,삼성전자 3개년 일별 주가 수집 검수 완료 데이터
2023-09-20,005930,삼성전자,005930,70000.0,70300.0,69500.0,69600.0,10873015,69600.0,KRW,exchange,https://github.com/FinanceDataReader/FinanceDataReader,reviewed,삼성전자 3개년 일별 주가 수집 검수 완료 데이터
2023-09-21,005930,삼성전자,005930,69200.0,69800.0,68800.0,68900.0,10796336,68900.0,KRW,exchange,https://github.com/FinanceDataReader/FinanceDataReader,reviewed,삼성전자 3개년 일별 주가 수집 검수 완료 데이터
2023-09-22,005930,삼성전자,005930,68300.0,68900.0,68300.0,68800.0,9897840,68800.0,KRW,exchange,https://github.com/FinanceDataReader/FinanceDataReader,reviewed,삼성전자 3개년 일별 주가 수집 검수 완료 데이터
2023-09-25,005930,삼성전자,005930,68500.0,69700.0,68500.0,69400.0,13582516,69400.0,KRW,exchange,https://github.com/FinanceDataReader/FinanceDataReader,reviewed,삼성전자 3개년 일별 주가 수집 검수 완료 데이터
2023-09-26,005930,삼성전자,005930,70000.0,70000.0,68400.0,68600.0,13143470,68600.0,KRW,exchange,https://github.com/FinanceDataReader/FinanceDataReader,reviewed,삼성전자 3개년 일별 주가 수집 검수 완료 데이터
2023-09-27,005930,삼성전자,005930,68600.0,69100.0,68200.0,68400.0,14886491,68400.0,KRW,exchange,https://github.com/FinanceDataReader/FinanceDataReader,reviewed,삼성전자 3개년 일별 주가 수집 검수 완료 데이터
2023-10-04,005930,삼성전자,005930,67400.0,67700.0,66700.0,67500.0,23361149,67500.0,KRW,exchange,https://github.com/FinanceDataReader/FinanceDataReader,reviewed,삼성전자 3개년 일별 주가 수집 검수 완료 데이터
2023-10-05,005930,삼성전자,005930,67300.0,67400.0,66700.0,66700.0,16108313,66700.0,KRW,exchange,https://github.com/FinanceDataReader/FinanceDataReader,reviewed,삼성전자 3개년 일별 주가 수집 검수 완료 데이터
2023-10-06,005930,삼성전자,005930,67100.0,67300.0,66000.0,66000.0,14386527,66000.0,KRW,exchange,https://github.com/FinanceDataReader/FinanceDataReader,reviewed,삼성전자 3개년 일별 주가 수집 검수 완료 데이터
2023-10-10,005930,삼성전자,005930,66200.0,67600.0,66200.0,66400.0,19889202,66400.0,KRW,exchange,https://github.com/FinanceDataReader/FinanceDataReader,reviewed,삼성전자 3개년 일별 주가 수집 검수 완료 데이터
2023-10-11,005930,삼성전자,005930,68600.0,69400.0,67900.0,68200.0,25209349,68200.0,KRW,exchange,https://github.com/FinanceDataReader/FinanceDataReader,reviewed,삼성전자 3개년 일별 주가 수집 검수 완료 데이터
2023-10-12,005930,삼성전자,005930,68600.0,69700.0,68200.0,68900.0,19311380,68900.0,KRW,exchange,https://github.com/FinanceDataReader/FinanceDataReader,reviewed,삼성전자 3개년 일별 주가 수집 검수 완료 데이터
2023-10-13,005930,삼성전자,005930,68000.0,68500.0,67700.0,68000.0,9724086,68000.0,KRW,exchange,https://github.com/FinanceDataReader/FinanceDataReader,reviewed,삼성전자 3개년 일별 주가 수집 검수 완료 데이터
2023-10-16,005930,삼성전자,005930,67900.0,68500.0,66800.0,67300.0,12599299,67300.0,KRW,exchange,https://github.com/FinanceDataReader/FinanceDataReader,reviewed,삼성전자 3개년 일별 주가 수집 검수 완료 데이터
2023-10-17,005930,삼성전자,005930,67700.0,69900.0,67400.0,69400.0,17299253,69400.0,KRW,exchange,https://github.com/FinanceDataReader/FinanceDataReader,reviewed,삼성전자 3개년 일별 주가 수집 검수 완료 데이터
2023-10-18,005930,삼성전자,005930,68900.0,70500.0,68800.0,70500.0,16493184,70500.0,KRW,exchange,https://github.com/FinanceDataReader/FinanceDataReader,reviewed,삼성전자 3개년 일별 주가 수집 검수 완료 데이터
2023-10-19,005930,삼성전자,005930,69700.0,70000.0,69400.0,69500.0,13985012,69500.0,KRW,exchange,https://github.com/FinanceDataReader/FinanceDataReader,reviewed,삼성전자 3개년 일별 주가 수집 검수 완료 데이터
2023-10-20,005930,삼성전자,005930,68900.0,69200.0,68100.0,68800.0,15204495,68800.0,KRW,exchange,https://github.com/FinanceDataReader/FinanceDataReader,reviewed,삼성전자 3개년 일별 주가 수집 검수 완료 데이터
2023-10-23,005930,삼성전자,005930,68700.0,69100.0,68200.0,68400.0,11625959,68400.0,KRW,exchange,https://github.com/FinanceDataReader/FinanceDataReader,reviewed,삼성전자 3개년 일별 주가 수집 검수 완료 데이터
2023-10-24,005930,삼성전자,005930,68700.0,68800.0,67700.0,68500.0,12791710,68500.0,KRW,exchange,https://github.com/FinanceDataReader/FinanceDataReader,reviewed,삼성전자 3개년 일별 주가 수집 검수 완료 데이터
2023-10-25,005930,삼성전자,005930,68800.0,68800.0,67900.0,68000.0,10610703,68000.0,KRW,exchange,https://github.com/FinanceDataReader/FinanceDataReader,reviewed,삼성전자 3개년 일별 주가 수집 검수 완료 데이터
2023-10-26,005930,삼성전자,005930,67000.0,67900.0,66700.0,66700.0,15517624,66700.0,KRW,exchange,https://github.com/FinanceDataReader/FinanceDataReader,reviewed,삼성전자 3개년 일별 주가 수집 검수 완료 데이터
2023-10-27,005930,삼성전자,005930,67100.0,67300.0,66700.0,67300.0,11334726,67300.0,KRW,exchange,https://github.com/FinanceDataReader/FinanceDataReader,reviewed,삼성전자 3개년 일별 주가 수집 검수 완료 데이터
2023-10-30,005930,삼성전자,005930,66800.0,67800.0,66700.0,67300.0,10139270,67300.0,KRW,exchange,https://github.com/FinanceDataReader/FinanceDataReader,reviewed,삼성전자 3개년 일별 주가 수집 검수 완료 데이터
2023-10-31,005930,삼성전자,005930,67600.0,68300.0,66900.0,66900.0,14488892,66900.0,KRW,exchange,https://github.com/FinanceDataReader/FinanceDataReader,reviewed,삼성전자 3개년 일별 주가 수집 검수 완료 데이터
2023-11-01,005930,삼성전자,005930,67500.0,68900.0,67300.0,68600.0,13775256,68600.0,KRW,exchange,https://github.com/FinanceDataReader/FinanceDataReader,reviewed,삼성전자 3개년 일별 주가 수집 검수 완료 데이터
2023-11-02,005930,삼성전자,005930,70000.0,70000.0,69400.0,69700.0,16350031,69700.0,KRW,exchange,https://github.com/FinanceDataReader/FinanceDataReader,reviewed,삼성전자 3개년 일별 주가 수집 검수 완료 데이터
2023-11-03,005930,삼성전자,005930,69700.0,70200.0,69500.0,69600.0,10322234,69600.0,KRW,exchange,https://github.com/FinanceDataReader/FinanceDataReader,reviewed,삼성전자 3개년 일별 주가 수집 검수 완료 데이터
2023-11-06,005930,삼성전자,005930,69800.0,70900.0,69300.0,70900.0,22228489,70900.0,KRW,exchange,https://github.com/FinanceDataReader/FinanceDataReader,reviewed,삼성전자 3개년 일별 주가 수집 검수 완료 데이터
2023-11-07,005930,삼성전자,005930,70600.0,70900.0,70000.0,70900.0,17228731,70900.0,KRW,exchange,https://github.com/FinanceDataReader/FinanceDataReader,reviewed,삼성전자 3개년 일별 주가 수집 검수 완료 데이터
2023-11-08,005930,삼성전자,005930,71300.0,71400.0,69700.0,69900.0,12901310,69900.0,KRW,exchange,https://github.com/FinanceDataReader/FinanceDataReader,reviewed,삼성전자 3개년 일별 주가 수집 검수 완료 데이터
2023-11-09,005930,삼성전자,005930,69900.0,70800.0,69600.0,70300.0,12301373,70300.0,KRW,exchange,https://github.com/FinanceDataReader/FinanceDataReader,reviewed,삼성전자 3개년 일별 주가 수집 검수 완료 데이터
2023-11-10,005930,삼성전자,005930,70000.0,70500.0,69500.0,70500.0,9684347,70500.0,KRW,exchange,https://github.com/FinanceDataReader/FinanceDataReader,reviewed,삼성전자 3개년 일별 주가 수집 검수 완료 데이터
2023-11-13,005930,삼성전자,005930,71300.0,71300.0,70300.0,70400.0,9246919,70400.0,KRW,exchange,https://github.com/FinanceDataReader/FinanceDataReader,reviewed,삼성전자 3개년 일별 주가 수집 검수 완료 데이터
2023-11-14,005930,삼성전자,005930,71000.0,71100.0,70600.0,70800.0,9567984,70800.0,KRW,exchange,https://github.com/FinanceDataReader/FinanceDataReader,reviewed,삼성전자 3개년 일별 주가 수집 검수 완료 데이터
2023-11-15,005930,삼성전자,005930,71600.0,72200.0,71500.0,72200.0,20148677,72200.0,KRW,exchange,https://github.com/FinanceDataReader/FinanceDataReader,reviewed,삼성전자 3개년 일별 주가 수집 검수 완료 데이터
2023-11-16,005930,삼성전자,005930,72500.0,73000.0,72300.0,72800.0,15860451,72800.0,KRW,exchange,https://github.com/FinanceDataReader/FinanceDataReader,reviewed,삼성전자 3개년 일별 주가 수집 검수 완료 데이터
2023-11-17,005930,삼성전자,005930,72300.0,73000.0,72300.0,72500.0,11494644,72500.0,KRW,exchange,https://github.com/FinanceDataReader/FinanceDataReader,reviewed,삼성전자 3개년 일별 주가 수집 검수 완료 데이터
2023-11-20,005930,삼성전자,005930,72100.0,73000.0,72100.0,72700.0,10610157,72700.0,KRW,exchange,https://github.com/FinanceDataReader/FinanceDataReader,reviewed,삼성전자 3개년 일별 주가 수집 검수 완료 데이터
2023-11-21,005930,삼성전자,005930,73100.0,73400.0,72700.0,72800.0,9712881,72800.0,KRW,exchange,https://github.com/FinanceDataReader/FinanceDataReader,reviewed,삼성전자 3개년 일별 주가 수집 검수 완료 데이터
2023-11-22,005930,삼성전자,005930,72200.0,73000.0,71900.0,72800.0,11105143,72800.0,KRW,exchange,https://github.com/FinanceDataReader/FinanceDataReader,reviewed,삼성전자 3개년 일별 주가 수집 검수 완료 데이터
2023-11-23,005930,삼성전자,005930,73000.0,73200.0,72200.0,72400.0,6775614,72400.0,KRW,exchange,https://github.com/FinanceDataReader/FinanceDataReader,reviewed,삼성전자 3개년 일별 주가 수집 검수 완료 데이터
2023-11-24,005930,삼성전자,005930,72400.0,72600.0,71700.0,71700.0,6676685,71700.0,KRW,exchange,https://github.com/FinanceDataReader/FinanceDataReader,reviewed,삼성전자 3개년 일별 주가 수집 검수 완료 데이터
2023-11-27,005930,삼성전자,005930,71500.0,72100.0,71100.0,71300.0,9113857,71300.0,KRW,exchange,https://github.com/FinanceDataReader/FinanceDataReader,reviewed,삼성전자 3개년 일별 주가 수집 검수 완료 데이터
2023-11-28,005930,삼성전자,005930,71400.0,72700.0,71300.0,72700.0,13283081,72700.0,KRW,exchange,https://github.com/FinanceDataReader/FinanceDataReader,reviewed,삼성전자 3개년 일별 주가 수집 검수 완료 데이터
2023-11-29,005930,삼성전자,005930,72400.0,72800.0,72200.0,72700.0,9283933,72700.0,KRW,exchange,https://github.com/FinanceDataReader/FinanceDataReader,reviewed,삼성전자 3개년 일별 주가 수집 검수 완료 데이터
2023-11-30,005930,삼성전자,005930,72700.0,72800.0,72200.0,72800.0,15783714,72800.0,KRW,exchange,https://github.com/FinanceDataReader/FinanceDataReader,reviewed,삼성전자 3개년 일별 주가 수집 검수 완료 데이터
2023-12-01,005930,삼성전자,005930,72400.0,72500.0,71700.0,72000.0,9871284,72000.0,KRW,exchange,https://github.com/FinanceDataReader/FinanceDataReader,reviewed,삼성전자 3개년 일별 주가 수집 검수 완료 데이터
2023-12-04,005930,삼성전자,005930,72800.0,72900.0,72400.0,72600.0,10229267,72600.0,KRW,exchange,https://github.com/FinanceDataReader/FinanceDataReader,reviewed,삼성전자 3개년 일별 주가 수집 검수 완료 데이터
2023-12-05,005930,삼성전자,005930,72300.0,72400.0,71200.0,71200.0,12129682,71200.0,KRW,exchange,https://github.com/FinanceDataReader/FinanceDataReader,reviewed,삼성전자 3개년 일별 주가 수집 검수 완료 데이터
2023-12-06,005930,삼성전자,005930,71800.0,72100.0,71600.0,71700.0,8123087,71700.0,KRW,exchange,https://github.com/FinanceDataReader/FinanceDataReader,reviewed,삼성전자 3개년 일별 주가 수집 검수 완료 데이터
2023-12-07,005930,삼성전자,005930,71800.0,71900.0,71100.0,71500.0,8862017,71500.0,KRW,exchange,https://github.com/FinanceDataReader/FinanceDataReader,reviewed,삼성전자 3개년 일별 주가 수집 검수 완료 데이터
2023-12-08,005930,삼성전자,005930,72100.0,72800.0,71900.0,72600.0,10859463,72600.0,KRW,exchange,https://github.com/FinanceDataReader/FinanceDataReader,reviewed,삼성전자 3개년 일별 주가 수집 검수 완료 데이터
2023-12-11,005930,삼성전자,005930,72800.0,73000.0,72200.0,73000.0,9861960,73000.0,KRW,exchange,https://github.com/FinanceDataReader/FinanceDataReader,reviewed,삼성전자 3개년 일별 주가 수집 검수 완료 데이터
2023-12-12,005930,삼성전자,005930,73300.0,73500.0,73100.0,73500.0,13758646,73500.0,KRW,exchange,https://github.com/FinanceDataReader/FinanceDataReader,reviewed,삼성전자 3개년 일별 주가 수집 검수 완료 데이터
2023-12-13,005930,삼성전자,005930,73300.0,73500.0,72800.0,72800.0,13116766,72800.0,KRW,exchange,https://github.com/FinanceDataReader/FinanceDataReader,reviewed,삼성전자 3개년 일별 주가 수집 검수 완료 데이터
2023-12-14,005930,삼성전자,005930,74100.0,74300.0,72500.0,73100.0,27567593,73100.0,KRW,exchange,https://github.com/FinanceDataReader/FinanceDataReader,reviewed,삼성전자 3개년 일별 주가 수집 검수 완료 데이터
2023-12-15,005930,삼성전자,005930,73800.0,74000.0,73200.0,73300.0,15419815,73300.0,KRW,exchange,https://github.com/FinanceDataReader/FinanceDataReader,reviewed,삼성전자 3개년 일별 주가 수집 검수 완료 데이터
2023-12-18,005930,삼성전자,005930,73300.0,73400.0,72800.0,72900.0,9690551,72900.0,KRW,exchange,https://github.com/FinanceDataReader/FinanceDataReader,reviewed,삼성전자 3개년 일별 주가 수집 검수 완료 데이터
2023-12-19,005930,삼성전자,005930,73000.0,73400.0,72800.0,73400.0,8907632,73400.0,KRW,exchange,https://github.com/FinanceDataReader/FinanceDataReader,reviewed,삼성전자 3개년 일별 주가 수집 검수 완료 데이터
2023-12-20,005930,삼성전자,005930,74200.0,74900.0,73800.0,74800.0,16870156,74800.0,KRW,exchange,https://github.com/FinanceDataReader/FinanceDataReader,reviewed,삼성전자 3개년 일별 주가 수집 검수 완료 데이터
2023-12-21,005930,삼성전자,005930,74600.0,75000.0,74300.0,75000.0,13478766,75000.0,KRW,exchange,https://github.com/FinanceDataReader/FinanceDataReader,reviewed,삼성전자 3개년 일별 주가 수집 검수 완료 데이터
2023-12-22,005930,삼성전자,005930,75800.0,76300.0,75400.0,75900.0,14515608,75900.0,KRW,exchange,https://github.com/FinanceDataReader/FinanceDataReader,reviewed,삼성전자 3개년 일별 주가 수집 검수 완료 데이터
2023-12-26,005930,삼성전자,005930,76100.0,76700.0,75700.0,76600.0,13164909,76600.0,KRW,exchange,https://github.com/FinanceDataReader/FinanceDataReader,reviewed,삼성전자 3개년 일별 주가 수집 검수 완료 데이터
2023-12-27,005930,삼성전자,005930,76700.0,78000.0,76500.0,78000.0,20651042,78000.0,KRW,exchange,https://github.com/FinanceDataReader/FinanceDataReader,reviewed,삼성전자 3개년 일별 주가 수집 검수 완료 데이터
2023-12-28,005930,삼성전자,005930,77700.0,78500.0,77500.0,78500.0,17797536,78500.0,KRW,exchange,https://github.com/FinanceDataReader/FinanceDataReader,reviewed,삼성전자 3개년 일별 주가 수집 검수 완료 데이터
2024-01-02,005930,삼성전자,005930,78200.0,79800.0,78200.0,79600.0,17142847,79600.0,KRW,exchange,https://github.com/FinanceDataReader/FinanceDataReader,reviewed,삼성전자 3개년 일별 주가 수집 검수 완료 데이터
2024-01-03,005930,삼성전자,005930,78500.0,78800.0,77000.0,77000.0,21753644,77000.0,KRW,exchange,https://github.com/FinanceDataReader/FinanceDataReader,reviewed,삼성전자 3개년 일별 주가 수집 검수 완료 데이터
2024-01-04,005930,삼성전자,005930,76100.0,77300.0,76100.0,76600.0,15324439,76600.0,KRW,exchange,https://github.com/FinanceDataReader/FinanceDataReader,reviewed,삼성전자 3개년 일별 주가 수집 검수 완료 데이터
2024-01-05,005930,삼성전자,005930,76700.0,77100.0,76400.0,76600.0,11304316,76600.0,KRW,exchange,https://github.com/FinanceDataReader/FinanceDataReader,reviewed,삼성전자 3개년 일별 주가 수집 검수 완료 데이터
2024-01-08,005930,삼성전자,005930,77000.0,77500.0,76400.0,76500.0,11088724,76500.0,KRW,exchange,https://github.com/FinanceDataReader/FinanceDataReader,reviewed,삼성전자 3개년 일별 주가 수집 검수 완료 데이터
2024-01-09,005930,삼성전자,005930,77400.0,77700.0,74300.0,74700.0,26019249,74700.0,KRW,exchange,https://github.com/FinanceDataReader/FinanceDataReader,reviewed,삼성전자 3개년 일별 주가 수집 검수 완료 데이터
2024-01-10,005930,삼성전자,005930,75000.0,75200.0,73200.0,73600.0,20259529,73600.0,KRW,exchange,https://github.com/FinanceDataReader/FinanceDataReader,reviewed,삼성전자 3개년 일별 주가 수집 검수 완료 데이터
2024-01-11,005930,삼성전자,005930,72900.0,73600.0,72700.0,73200.0,57691266,73200.0,KRW,exchange,https://github.com/FinanceDataReader/FinanceDataReader,reviewed,삼성전자 3개년 일별 주가 수집 검수 완료 데이터
2024-01-12,005930,삼성전자,005930,73000.0,74100.0,72800.0,73100.0,13038939,73100.0,KRW,exchange,https://github.com/FinanceDataReader/FinanceDataReader,reviewed,삼성전자 3개년 일별 주가 수집 검수 완료 데이터
2024-01-15,005930,삼성전자,005930,73200.0,74000.0,73200.0,73900.0,13212339,73900.0,KRW,exchange,https://github.com/FinanceDataReader/FinanceDataReader,reviewed,삼성전자 3개년 일별 주가 수집 검수 완료 데이터
2024-01-16,005930,삼성전자,005930,73500.0,73700.0,72500.0,72600.0,14760415,72600.0,KRW,exchange,https://github.com/FinanceDataReader/FinanceDataReader,reviewed,삼성전자 3개년 일별 주가 수집 검수 완료 데이터
2024-01-17,005930,삼성전자,005930,73100.0,73300.0,71000.0,71000.0,22683660,71000.0,KRW,exchange,https://github.com/FinanceDataReader/FinanceDataReader,reviewed,삼성전자 3개년 일별 주가 수집 검수 완료 데이터
2024-01-18,005930,삼성전자,005930,71600.0,72000.0,70700.0,71700.0,17853397,71700.0,KRW,exchange,https://github.com/FinanceDataReader/FinanceDataReader,reviewed,삼성전자 3개년 일별 주가 수집 검수 완료 데이터
2024-01-19,005930,삼성전자,005930,73500.0,74700.0,73000.0,74700.0,23363427,74700.0,KRW,exchange,https://github.com/FinanceDataReader/FinanceDataReader,reviewed,삼성전자 3개년 일별 주가 수집 검수 완료 데이터
2024-01-22,005930,삼성전자,005930,75900.0,76000.0,75000.0,75100.0,19673375,75100.0,KRW,exchange,https://github.com/FinanceDataReader/FinanceDataReader,reviewed,삼성전자 3개년 일별 주가 수집 검수 완료 데이터
2024-01-23,005930,삼성전자,005930,75700.0,75800.0,74300.0,75200.0,14786224,75200.0,KRW,exchange,https://github.com/FinanceDataReader/FinanceDataReader,reviewed,삼성전자 3개년 일별 주가 수집 검수 완료 데이터
2024-01-24,005930,삼성전자,005930,75200.0,75200.0,73500.0,74000.0,12860661,74000.0,KRW,exchange,https://github.com/FinanceDataReader/FinanceDataReader,reviewed,삼성전자 3개년 일별 주가 수집 검수 완료 데이터
2024-01-25,005930,삼성전자,005930,74200.0,74800.0,73700.0,74100.0,11737747,74100.0,KRW,exchange,https://github.com/FinanceDataReader/FinanceDataReader,reviewed,삼성전자 3개년 일별 주가 수집 검수 완료 데이터
2024-01-26,005930,삼성전자,005930,73700.0,74500.0,73300.0,73400.0,11160062,73400.0,KRW,exchange,https://github.com/FinanceDataReader/FinanceDataReader,reviewed,삼성전자 3개년 일별 주가 수집 검수 완료 데이터
2024-01-29,005930,삼성전자,005930,73800.0,75200.0,73500.0,74400.0,13976521,74400.0,KRW,exchange,https://github.com/FinanceDataReader/FinanceDataReader,reviewed,삼성전자 3개년 일별 주가 수집 검수 완료 데이터
2024-01-30,005930,삼성전자,005930,75000.0,75300.0,73700.0,74300.0,12244418,74300.0,KRW,exchange,https://github.com/FinanceDataReader/FinanceDataReader,reviewed,삼성전자 3개년 일별 주가 수집 검수 완료 데이터
2024-01-31,005930,삼성전자,005930,73400.0,74000.0,72500.0,72700.0,15703560,72700.0,KRW,exchange,https://github.com/FinanceDataReader/FinanceDataReader,reviewed,삼성전자 3개년 일별 주가 수집 검수 완료 데이터
2024-02-01,005930,삼성전자,005930,73000.0,74200.0,72900.0,73600.0,19881033,73600.0,KRW,exchange,https://github.com/FinanceDataReader/FinanceDataReader,reviewed,삼성전자 3개년 일별 주가 수집 검수 완료 데이터
2024-02-02,005930,삼성전자,005930,74000.0,75200.0,73700.0,75200.0,14955881,75200.0,KRW,exchange,https://github.com/FinanceDataReader/FinanceDataReader,reviewed,삼성전자 3개년 일별 주가 수집 검수 완료 데이터
2024-02-05,005930,삼성전자,005930,74200.0,74800.0,73500.0,74300.0,19026021,74300.0,KRW,exchange,https://github.com/FinanceDataReader/FinanceDataReader,reviewed,삼성전자 3개년 일별 주가 수집 검수 완료 데이터
2024-02-06,005930,삼성전자,005930,74300.0,74700.0,73300.0,74400.0,14559254,74400.0,KRW,exchange,https://github.com/FinanceDataReader/FinanceDataReader,reviewed,삼성전자 3개년 일별 주가 수집 검수 완료 데이터
2024-02-07,005930,삼성전자,005930,74600.0,75500.0,74300.0,75000.0,16566445,75000.0,KRW,exchange,https://github.com/FinanceDataReader/FinanceDataReader,reviewed,삼성전자 3개년 일별 주가 수집 검수 완료 데이터
2024-02-08,005930,삼성전자,005930,75000.0,75200.0,73600.0,74100.0,20810708,74100.0,KRW,exchange,https://github.com/FinanceDataReader/FinanceDataReader,reviewed,삼성전자 3개년 일별 주가 수집 검수 완료 데이터
2024-02-13,005930,삼성전자,005930,74800.0,75200.0,74400.0,75200.0,21966745,75200.0,KRW,exchange,https://github.com/FinanceDataReader/FinanceDataReader,reviewed,삼성전자 3개년 일별 주가 수집 검수 완료 데이터
2024-02-14,005930,삼성전자,005930,73700.0,74300.0,73700.0,74000.0,12434945,74000.0,KRW,exchange,https://github.com/FinanceDataReader/FinanceDataReader,reviewed,삼성전자 3개년 일별 주가 수집 검수 완료 데이터
2024-02-15,005930,삼성전자,005930,74200.0,74400.0,73000.0,73000.0,14120600,73000.0,KRW,exchange,https://github.com/FinanceDataReader/FinanceDataReader,reviewed,삼성전자 3개년 일별 주가 수집 검수 완료 데이터
2024-02-16,005930,삼성전자,005930,73300.0,73400.0,72500.0,72800.0,13444781,72800.0,KRW,exchange,https://github.com/FinanceDataReader/FinanceDataReader,reviewed,삼성전자 3개년 일별 주가 수집 검수 완료 데이터
2024-02-19,005930,삼성전자,005930,72800.0,73900.0,72800.0,73800.0,12726404,73800.0,KRW,exchange,https://github.com/FinanceDataReader/FinanceDataReader,reviewed,삼성전자 3개년 일별 주가 수집 검수 완료 데이터
2024-02-20,005930,삼성전자,005930,73700.0,73700.0,72800.0,73300.0,14681477,73300.0,KRW,exchange,https://github.com/FinanceDataReader/FinanceDataReader,reviewed,삼성전자 3개년 일별 주가 수집 검수 완료 데이터
2024-02-21,005930,삼성전자,005930,73400.0,73700.0,72900.0,73000.0,11503495,73000.0,KRW,exchange,https://github.com/FinanceDataReader/FinanceDataReader,reviewed,삼성전자 3개년 일별 주가 수집 검수 완료 데이터
2024-02-22,005930,삼성전자,005930,73800.0,73900.0,72700.0,73100.0,15208934,73100.0,KRW,exchange,https://github.com/FinanceDataReader/FinanceDataReader,reviewed,삼성전자 3개년 일별 주가 수집 검수 완료 데이터
2024-02-23,005930,삼성전자,005930,73600.0,74200.0,72900.0,72900.0,16225166,72900.0,KRW,exchange,https://github.com/FinanceDataReader/FinanceDataReader,reviewed,삼성전자 3개년 일별 주가 수집 검수 완료 데이터
2024-02-26,005930,삼성전자,005930,72300.0,73200.0,72200.0,72800.0,14669352,72800.0,KRW,exchange,https://github.com/FinanceDataReader/FinanceDataReader,reviewed,삼성전자 3개년 일별 주가 수집 검수 완료 데이터
2024-02-27,005930,삼성전자,005930,73100.0,73400.0,72700.0,72900.0,13201981,72900.0,KRW,exchange,https://github.com/FinanceDataReader/FinanceDataReader,reviewed,삼성전자 3개년 일별 주가 수집 검수 완료 데이터
2024-02-28,005930,삼성전자,005930,72900.0,73900.0,72800.0,73200.0,11795859,73200.0,KRW,exchange,https://github.com/FinanceDataReader/FinanceDataReader,reviewed,삼성전자 3개년 일별 주가 수집 검수 완료 데이터
2024-02-29,005930,삼성전자,005930,72600.0,73400.0,72000.0,73400.0,21176403,73400.0,KRW,exchange,https://github.com/FinanceDataReader/FinanceDataReader,reviewed,삼성전자 3개년 일별 주가 수집 검수 완료 데이터
2024-03-04,005930,삼성전자,005930,74300.0,75000.0,74000.0,74900.0,23210474,74900.0,KRW,exchange,https://github.com/FinanceDataReader/FinanceDataReader,reviewed,삼성전자 3개년 일별 주가 수집 검수 완료 데이터
2024-03-05,005930,삼성전자,005930,74600.0,74800.0,73700.0,73700.0,19505125,73700.0,KRW,exchange,https://github.com/FinanceDataReader/FinanceDataReader,reviewed,삼성전자 3개년 일별 주가 수집 검수 완료 데이터
2024-03-06,005930,삼성전자,005930,73200.0,73500.0,72700.0,72900.0,21547905,72900.0,KRW,exchange,https://github.com/FinanceDataReader/FinanceDataReader,reviewed,삼성전자 3개년 일별 주가 수집 검수 완료 데이터
2024-03-07,005930,삼성전자,005930,73100.0,73300.0,72200.0,72200.0,14516963,72200.0,KRW,exchange,https://github.com/FinanceDataReader/FinanceDataReader,reviewed,삼성전자 3개년 일별 주가 수집 검수 완료 데이터
2024-03-08,005930,삼성전자,005930,72800.0,73400.0,72600.0,73300.0,19271349,73300.0,KRW,exchange,https://github.com/FinanceDataReader/FinanceDataReader,reviewed,삼성전자 3개년 일별 주가 수집 검수 완료 데이터
2024-03-11,005930,삼성전자,005930,72900.0,73100.0,72300.0,72400.0,9740504,72400.0,KRW,exchange,https://github.com/FinanceDataReader/FinanceDataReader,reviewed,삼성전자 3개년 일별 주가 수집 검수 완료 데이터
2024-03-12,005930,삼성전자,005930,72600.0,73500.0,72100.0,73300.0,13011654,73300.0,KRW,exchange,https://github.com/FinanceDataReader/FinanceDataReader,reviewed,삼성전자 3개년 일별 주가 수집 검수 완료 데이터
2024-03-13,005930,삼성전자,005930,73700.0,74100.0,73500.0,74100.0,15243134,74100.0,KRW,exchange,https://github.com/FinanceDataReader/FinanceDataReader,reviewed,삼성전자 3개년 일별 주가 수집 검수 완료 데이터
2024-03-14,005930,삼성전자,005930,74400.0,74500.0,73600.0,74300.0,22545539,74300.0,KRW,exchange,https://github.com/FinanceDataReader/FinanceDataReader,reviewed,삼성전자 3개년 일별 주가 수집 검수 완료 데이터
2024-03-15,005930,삼성전자,005930,73400.0,73700.0,72300.0,72300.0,22580555,72300.0,KRW,exchange,https://github.com/FinanceDataReader/FinanceDataReader,reviewed,삼성전자 3개년 일별 주가 수집 검수 완료 데이터
2024-03-18,005930,삼성전자,005930,72600.0,73000.0,72500.0,72800.0,11520348,72800.0,KRW,exchange,https://github.com/FinanceDataReader/FinanceDataReader,reviewed,삼성전자 3개년 일별 주가 수집 검수 완료 데이터
2024-03-19,005930,삼성전자,005930,72300.0,73000.0,71700.0,72800.0,15376066,72800.0,KRW,exchange,https://github.com/FinanceDataReader/FinanceDataReader,reviewed,삼성전자 3개년 일별 주가 수집 검수 완료 데이터
2024-03-20,005930,삼성전자,005930,73700.0,77200.0,73400.0,76900.0,50106297,76900.0,KRW,exchange,https://github.com/FinanceDataReader/FinanceDataReader,reviewed,삼성전자 3개년 일별 주가 수집 검수 완료 데이터
2024-03-21,005930,삼성전자,005930,79200.0,79300.0,77700.0,79300.0,44569799,79300.0,KRW,exchange,https://github.com/FinanceDataReader/FinanceDataReader,reviewed,삼성전자 3개년 일별 주가 수집 검수 완료 데이터
2024-03-22,005930,삼성전자,005930,79600.0,79900.0,77800.0,78900.0,26724761,78900.0,KRW,exchange,https://github.com/FinanceDataReader/FinanceDataReader,reviewed,삼성전자 3개년 일별 주가 수집 검수 완료 데이터
2024-03-25,005930,삼성전자,005930,79600.0,79800.0,77800.0,78200.0,18703996,78200.0,KRW,exchange,https://github.com/FinanceDataReader/FinanceDataReader,reviewed,삼성전자 3개년 일별 주가 수집 검수 완료 데이터
2024-03-26,005930,삼성전자,005930,79700.0,80100.0,79200.0,79900.0,30551494,79900.0,KRW,exchange,https://github.com/FinanceDataReader/FinanceDataReader,reviewed,삼성전자 3개년 일별 주가 수집 검수 완료 데이터
2024-03-27,005930,삼성전자,005930,79200.0,80000.0,79200.0,79800.0,17424595,79800.0,KRW,exchange,https://github.com/FinanceDataReader/FinanceDataReader,reviewed,삼성전자 3개년 일별 주가 수집 검수 완료 데이터
2024-03-28,005930,삼성전자,005930,79400.0,81000.0,79200.0,80800.0,25084812,80800.0,KRW,exchange,https://github.com/FinanceDataReader/FinanceDataReader,reviewed,삼성전자 3개년 일별 주가 수집 검수 완료 데이터
2024-03-29,005930,삼성전자,005930,81200.0,82500.0,80900.0,82400.0,27126366,82400.0,KRW,exchange,https://github.com/FinanceDataReader/FinanceDataReader,reviewed,삼성전자 3개년 일별 주가 수집 검수 완료 데이터
2024-04-01,005930,삼성전자,005930,83200.0,83300.0,82000.0,82000.0,20116513,82000.0,KRW,exchange,https://github.com/FinanceDataReader/FinanceDataReader,reviewed,삼성전자 3개년 일별 주가 수집 검수 완료 데이터
2024-04-02,005930,삼성전자,005930,82900.0,85000.0,82900.0,85000.0,37077944,85000.0,KRW,exchange,https://github.com/FinanceDataReader/FinanceDataReader,reviewed,삼성전자 3개년 일별 주가 수집 검수 완료 데이터
2024-04-03,005930,삼성전자,005930,84300.0,85000.0,83500.0,84100.0,30493347,84100.0,KRW,exchange,https://github.com/FinanceDataReader/FinanceDataReader,reviewed,삼성전자 3개년 일별 주가 수집 검수 완료 데이터
2024-04-04,005930,삼성전자,005930,85200.0,85500.0,84300.0,85300.0,25248934,85300.0,KRW,exchange,https://github.com/FinanceDataReader/FinanceDataReader,reviewed,삼성전자 3개년 일별 주가 수집 검수 완료 데이터
2024-04-05,005930,삼성전자,005930,84500.0,85000.0,83800.0,84500.0,18883752,84500.0,KRW,exchange,https://github.com/FinanceDataReader/FinanceDataReader,reviewed,삼성전자 3개년 일별 주가 수집 검수 완료 데이터
2024-04-08,005930,삼성전자,005930,85200.0,86000.0,84500.0,84500.0,18953232,84500.0,KRW,exchange,https://github.com/FinanceDataReader/FinanceDataReader,reviewed,삼성전자 3개년 일별 주가 수집 검수 완료 데이터
2024-04-09,005930,삼성전자,005930,84500.0,84900.0,83100.0,83600.0,23725956,83600.0,KRW,exchange,https://github.com/FinanceDataReader/FinanceDataReader,reviewed,삼성전자 3개년 일별 주가 수집 검수 완료 데이터
2024-04-11,005930,삼성전자,005930,83200.0,84700.0,82500.0,84100.0,25538009,84100.0,KRW,exchange,https://github.com/FinanceDataReader/FinanceDataReader,reviewed,삼성전자 3개년 일별 주가 수집 검수 완료 데이터
2024-04-12,005930,삼성전자,005930,84700.0,84900.0,83200.0,83700.0,17061770,83700.0,KRW,exchange,https://github.com/FinanceDataReader/FinanceDataReader,reviewed,삼성전자 3개년 일별 주가 수집 검수 완료 데이터
2024-04-15,005930,삼성전자,005930,82900.0,83200.0,81200.0,82200.0,26663772,82200.0,KRW,exchange,https://github.com/FinanceDataReader/FinanceDataReader,reviewed,삼성전자 3개년 일별 주가 수집 검수 완료 데이터
2024-04-16,005930,삼성전자,005930,81200.0,81300.0,79400.0,80000.0,31949845,80000.0,KRW,exchange,https://github.com/FinanceDataReader/FinanceDataReader,reviewed,삼성전자 3개년 일별 주가 수집 검수 완료 데이터
2024-04-17,005930,삼성전자,005930,80700.0,80800.0,78900.0,78900.0,22611631,78900.0,KRW,exchange,https://github.com/FinanceDataReader/FinanceDataReader,reviewed,삼성전자 3개년 일별 주가 수집 검수 완료 데이터
2024-04-18,005930,삼성전자,005930,78800.0,80100.0,78300.0,79600.0,21370190,79600.0,KRW,exchange,https://github.com/FinanceDataReader/FinanceDataReader,reviewed,삼성전자 3개년 일별 주가 수집 검수 완료 데이터
2024-04-19,005930,삼성전자,005930,78300.0,78700.0,76300.0,77600.0,31317563,77600.0,KRW,exchange,https://github.com/FinanceDataReader/FinanceDataReader,reviewed,삼성전자 3개년 일별 주가 수집 검수 완료 데이터
2024-04-22,005930,삼성전자,005930,77400.0,77500.0,75100.0,76100.0,30469477,76100.0,KRW,exchange,https://github.com/FinanceDataReader/FinanceDataReader,reviewed,삼성전자 3개년 일별 주가 수집 검수 완료 데이터
2024-04-23,005930,삼성전자,005930,76400.0,76800.0,75500.0,75500.0,18717699,75500.0,KRW,exchange,https://github.com/FinanceDataReader/FinanceDataReader,reviewed,삼성전자 3개년 일별 주가 수집 검수 완료 데이터
2024-04-24,005930,삼성전자,005930,77500.0,78800.0,77200.0,78600.0,22166150,78600.0,KRW,exchange,https://github.com/FinanceDataReader/FinanceDataReader,reviewed,삼성전자 3개년 일별 주가 수집 검수 완료 데이터
2024-04-25,005930,삼성전자,005930,77300.0,77500.0,76300.0,76300.0,15549134,76300.0,KRW,exchange,https://github.com/FinanceDataReader/FinanceDataReader,reviewed,삼성전자 3개년 일별 주가 수집 검수 완료 데이터
2024-04-26,005930,삼성전자,005930,77800.0,77900.0,76500.0,76700.0,12755629,76700.0,KRW,exchange,https://github.com/FinanceDataReader/FinanceDataReader,reviewed,삼성전자 3개년 일별 주가 수집 검수 완료 데이터
2024-04-29,005930,삼성전자,005930,77400.0,77600.0,76200.0,76700.0,14664474,76700.0,KRW,exchange,https://github.com/FinanceDataReader/FinanceDataReader,reviewed,삼성전자 3개년 일별 주가 수집 검수 완료 데이터
2024-04-30,005930,삼성전자,005930,77000.0,78500.0,76600.0,77500.0,19007007,77500.0,KRW,exchange,https://github.com/FinanceDataReader/FinanceDataReader,reviewed,삼성전자 3개년 일별 주가 수집 검수 완료 데이터
2024-05-02,005930,삼성전자,005930,77600.0,78600.0,77300.0,78000.0,18900640,78000.0,KRW,exchange,https://github.com/FinanceDataReader/FinanceDataReader,reviewed,삼성전자 3개년 일별 주가 수집 검수 완료 데이터
2024-05-03,005930,삼성전자,005930,79000.0,79000.0,77500.0,77600.0,13151889,77600.0,KRW,exchange,https://github.com/FinanceDataReader/FinanceDataReader,reviewed,삼성전자 3개년 일별 주가 수집 검수 완료 데이터
2024-05-07,005930,삼성전자,005930,79600.0,81300.0,79400.0,81300.0,26238868,81300.0,KRW,exchange,https://github.com/FinanceDataReader/FinanceDataReader,reviewed,삼성전자 3개년 일별 주가 수집 검수 완료 데이터
2024-05-08,005930,삼성전자,005930,80800.0,81400.0,80500.0,81300.0,13089576,81300.0,KRW,exchange,https://github.com/FinanceDataReader/FinanceDataReader,reviewed,삼성전자 3개년 일별 주가 수집 검수 완료 데이터
2024-05-09,005930,삼성전자,005930,81100.0,81500.0,79700.0,79700.0,18759935,79700.0,KRW,exchange,https://github.com/FinanceDataReader/FinanceDataReader,reviewed,삼성전자 3개년 일별 주가 수집 검수 완료 데이터
2024-05-10,005930,삼성전자,005930,80400.0,81100.0,78900.0,79200.0,16976124,79200.0,KRW,exchange,https://github.com/FinanceDataReader/FinanceDataReader,reviewed,삼성전자 3개년 일별 주가 수집 검수 완료 데이터
2024-05-13,005930,삼성전자,005930,79400.0,79900.0,77600.0,78400.0,18652344,78400.0,KRW,exchange,https://github.com/FinanceDataReader/FinanceDataReader,reviewed,삼성전자 3개년 일별 주가 수집 검수 완료 데이터
2024-05-14,005930,삼성전자,005930,78600.0,78800.0,77900.0,78300.0,11763992,78300.0,KRW,exchange,https://github.com/FinanceDataReader/FinanceDataReader,reviewed,삼성전자 3개년 일별 주가 수집 검수 완료 데이터
2024-05-16,005930,삼성전자,005930,80200.0,80300.0,78100.0,78200.0,20989778,78200.0,KRW,exchange,https://github.com/FinanceDataReader/FinanceDataReader,reviewed,삼성전자 3개년 일별 주가 수집 검수 완료 데이터
2024-05-17,005930,삼성전자,005930,78600.0,78800.0,77200.0,77400.0,15918201,77400.0,KRW,exchange,https://github.com/FinanceDataReader/FinanceDataReader,reviewed,삼성전자 3개년 일별 주가 수집 검수 완료 데이터
2024-05-20,005930,삼성전자,005930,78100.0,79100.0,77900.0,78900.0,19456783,78900.0,KRW,exchange,https://github.com/FinanceDataReader/FinanceDataReader,reviewed,삼성전자 3개년 일별 주가 수집 검수 완료 데이터
2024-05-21,005930,삼성전자,005930,78500.0,79000.0,78200.0,78400.0,13690583,78400.0,KRW,exchange,https://github.com/FinanceDataReader/FinanceDataReader,reviewed,삼성전자 3개년 일별 주가 수집 검수 완료 데이터
2024-05-22,005930,삼성전자,005930,78100.0,78700.0,77300.0,77700.0,19521506,77700.0,KRW,exchange,https://github.com/FinanceDataReader/FinanceDataReader,reviewed,삼성전자 3개년 일별 주가 수집 검수 완료 데이터
2024-05-23,005930,삼성전자,005930,77700.0,79100.0,77100.0,78300.0,18728087,78300.0,KRW,exchange,https://github.com/FinanceDataReader/FinanceDataReader,reviewed,삼성전자 3개년 일별 주가 수집 검수 완료 데이터
2024-05-24,005930,삼성전자,005930,76800.0,77000.0,75700.0,75900.0,27891278,75900.0,KRW,exchange,https://github.com/FinanceDataReader/FinanceDataReader,reviewed,삼성전자 3개년 일별 주가 수집 검수 완료 데이터
2024-05-27,005930,삼성전자,005930,75300.0,78200.0,74000.0,77200.0,43825202,77200.0,KRW,exchange,https://github.com/FinanceDataReader/FinanceDataReader,reviewed,삼성전자 3개년 일별 주가 수집 검수 완료 데이터
2024-05-28,005930,삼성전자,005930,76500.0,78000.0,76200.0,77600.0,18539072,77600.0,KRW,exchange,https://github.com/FinanceDataReader/FinanceDataReader,reviewed,삼성전자 3개년 일별 주가 수집 검수 완료 데이터
2024-05-29,005930,삼성전자,005930,77700.0,78200.0,75200.0,75200.0,30244875,75200.0,KRW,exchange,https://github.com/FinanceDataReader/FinanceDataReader,reviewed,삼성전자 3개년 일별 주가 수집 검수 완료 데이터
2024-05-30,005930,삼성전자,005930,74800.0,75200.0,73500.0,73500.0,28551273,73500.0,KRW,exchange,https://github.com/FinanceDataReader/FinanceDataReader,reviewed,삼성전자 3개년 일별 주가 수집 검수 완료 데이터
2024-05-31,005930,삼성전자,005930,74500.0,74700.0,73500.0,73500.0,26198776,73500.0,KRW,exchange,https://github.com/FinanceDataReader/FinanceDataReader,reviewed,삼성전자 3개년 일별 주가 수집 검수 완료 데이터
2024-06-03,005930,삼성전자,005930,74400.0,76400.0,74200.0,75700.0,15706268,75700.0,KRW,exchange,https://github.com/FinanceDataReader/FinanceDataReader,reviewed,삼성전자 3개년 일별 주가 수집 검수 완료 데이터
2024-06-04,005930,삼성전자,005930,74900.0,76100.0,74900.0,75300.0,14098053,75300.0,KRW,exchange,https://github.com/FinanceDataReader/FinanceDataReader,reviewed,삼성전자 3개년 일별 주가 수집 검수 완료 데이터
2024-06-05,005930,삼성전자,005930,78000.0,78000.0,76800.0,77400.0,23177968,77400.0,KRW,exchange,https://github.com/FinanceDataReader/FinanceDataReader,reviewed,삼성전자 3개년 일별 주가 수집 검수 완료 데이터
2024-06-07,005930,삼성전자,005930,78400.0,78600.0,77100.0,77300.0,21189349,77300.0,KRW,exchange,https://github.com/FinanceDataReader/FinanceDataReader,reviewed,삼성전자 3개년 일별 주가 수집 검수 완료 데이터
2024-06-10,005930,삼성전자,005930,76100.0,76600.0,75600.0,75700.0,14598755,75700.0,KRW,exchange,https://github.com/FinanceDataReader/FinanceDataReader,reviewed,삼성전자 3개년 일별 주가 수집 검수 완료 데이터
2024-06-11,005930,삼성전자,005930,75900.0,76000.0,75100.0,75200.0,16971175,75200.0,KRW,exchange,https://github.com/FinanceDataReader/FinanceDataReader,reviewed,삼성전자 3개년 일별 주가 수집 검수 완료 데이터
2024-06-12,005930,삼성전자,005930,75300.0,77100.0,75200.0,76500.0,19246725,76500.0,KRW,exchange,https://github.com/FinanceDataReader/FinanceDataReader,reviewed,삼성전자 3개년 일별 주가 수집 검수 완료 데이터
2024-06-13,005930,삼성전자,005930,78400.0,79000.0,77800.0,78600.0,33763804,78600.0,KRW,exchange,https://github.com/FinanceDataReader/FinanceDataReader,reviewed,삼성전자 3개년 일별 주가 수집 검수 완료 데이터
2024-06-14,005930,삼성전자,005930,79700.0,80500.0,79000.0,79600.0,22926612,79600.0,KRW,exchange,https://github.com/FinanceDataReader/FinanceDataReader,reviewed,삼성전자 3개년 일별 주가 수집 검수 완료 데이터
2024-06-17,005930,삼성전자,005930,79200.0,79500.0,78000.0,78100.0,16123051,78100.0,KRW,exchange,https://github.com/FinanceDataReader/FinanceDataReader,reviewed,삼성전자 3개년 일별 주가 수집 검수 완료 데이터
2024-06-18,005930,삼성전자,005930,78700.0,80200.0,78600.0,79800.0,18207598,79800.0,KRW,exchange,https://github.com/FinanceDataReader/FinanceDataReader,reviewed,삼성전자 3개년 일별 주가 수집 검수 완료 데이터
2024-06-19,005930,삼성전자,005930,81100.0,82500.0,80500.0,81200.0,24168863,81200.0,KRW,exchange,https://github.com/FinanceDataReader/FinanceDataReader,reviewed,삼성전자 3개년 일별 주가 수집 검수 완료 데이터
2024-06-20,005930,삼성전자,005930,81500.0,82200.0,81200.0,81600.0,20288913,81600.0,KRW,exchange,https://github.com/FinanceDataReader/FinanceDataReader,reviewed,삼성전자 3개년 일별 주가 수집 검수 완료 데이터
2024-06-21,005930,삼성전자,005930,80700.0,80800.0,80000.0,80000.0,17907523,80000.0,KRW,exchange,https://github.com/FinanceDataReader/FinanceDataReader,reviewed,삼성전자 3개년 일별 주가 수집 검수 완료 데이터
2024-06-24,005930,삼성전자,005930,79700.0,80900.0,79500.0,80600.0,15454227,80600.0,KRW,exchange,https://github.com/FinanceDataReader/FinanceDataReader,reviewed,삼성전자 3개년 일별 주가 수집 검수 완료 데이터
2024-06-25,005930,삼성전자,005930,80600.0,81800.0,80100.0,80800.0,19088458,80800.0,KRW,exchange,https://github.com/FinanceDataReader/FinanceDataReader,reviewed,삼성전자 3개년 일별 주가 수집 검수 완료 데이터
2024-06-26,005930,삼성전자,005930,80100.0,81400.0,79900.0,81300.0,17783242,81300.0,KRW,exchange,https://github.com/FinanceDataReader/FinanceDataReader,reviewed,삼성전자 3개년 일별 주가 수집 검수 완료 데이터
2024-06-27,005930,삼성전자,005930,81300.0,81600.0,80500.0,81600.0,11739720,81600.0,KRW,exchange,https://github.com/FinanceDataReader/FinanceDataReader,reviewed,삼성전자 3개년 일별 주가 수집 검수 완료 데이터
2024-06-28,005930,삼성전자,005930,81900.0,81900.0,80800.0,81500.0,9455929,81500.0,KRW,exchange,https://github.com/FinanceDataReader/FinanceDataReader,reviewed,삼성전자 3개년 일별 주가 수집 검수 완료 데이터
2024-07-01,005930,삼성전자,005930,81500.0,82100.0,81300.0,81800.0,11317202,81800.0,KRW,exchange,https://github.com/FinanceDataReader/FinanceDataReader,reviewed,삼성전자 3개년 일별 주가 수집 검수 완료 데이터
2024-07-02,005930,삼성전자,005930,82500.0,82600.0,81500.0,81800.0,14471904,81800.0,KRW,exchange,https://github.com/FinanceDataReader/FinanceDataReader,reviewed,삼성전자 3개년 일별 주가 수집 검수 완료 데이터
2024-07-03,005930,삼성전자,005930,82300.0,82300.0,81000.0,81800.0,11440328,81800.0,KRW,exchange,https://github.com/FinanceDataReader/FinanceDataReader,reviewed,삼성전자 3개년 일별 주가 수집 검수 완료 데이터
2024-07-04,005930,삼성전자,005930,82900.0,84700.0,82400.0,84600.0,43857229,84600.0,KRW,exchange,https://github.com/FinanceDataReader/FinanceDataReader,reviewed,삼성전자 3개년 일별 주가 수집 검수 완료 데이터
2024-07-05,005930,삼성전자,005930,85600.0,87100.0,85200.0,87100.0,45791193,87100.0,KRW,exchange,https://github.com/FinanceDataReader/FinanceDataReader,reviewed,삼성전자 3개년 일별 주가 수집 검수 완료 데이터
2024-07-08,005930,삼성전자,005930,87900.0,88600.0,86900.0,87400.0,24035809,87400.0,KRW,exchange,https://github.com/FinanceDataReader/FinanceDataReader,reviewed,삼성전자 3개년 일별 주가 수집 검수 완료 데이터
2024-07-09,005930,삼성전자,005930,87800.0,88200.0,86900.0,87800.0,21336201,87800.0,KRW,exchange,https://github.com/FinanceDataReader/FinanceDataReader,reviewed,삼성전자 3개년 일별 주가 수집 검수 완료 데이터
2024-07-10,005930,삼성전자,005930,87600.0,88000.0,87100.0,87800.0,17813847,87800.0,KRW,exchange,https://github.com/FinanceDataReader/FinanceDataReader,reviewed,삼성전자 3개년 일별 주가 수집 검수 완료 데이터
2024-07-11,005930,삼성전자,005930,88500.0,88800.0,86700.0,87600.0,24677608,87600.0,KRW,exchange,https://github.com/FinanceDataReader/FinanceDataReader,reviewed,삼성전자 3개년 일별 주가 수집 검수 완료 데이터
2024-07-12,005930,삼성전자,005930,85900.0,86100.0,84100.0,84400.0,26344386,84400.0,KRW,exchange,https://github.com/FinanceDataReader/FinanceDataReader,reviewed,삼성전자 3개년 일별 주가 수집 검수 완료 데이터
2024-07-15,005930,삼성전자,005930,84700.0,87300.0,84100.0,86700.0,25193080,86700.0,KRW,exchange,https://github.com/FinanceDataReader/FinanceDataReader,reviewed,삼성전자 3개년 일별 주가 수집 검수 완료 데이터
2024-07-16,005930,삼성전자,005930,86900.0,88000.0,86700.0,87700.0,16166688,87700.0,KRW,exchange,https://github.com/FinanceDataReader/FinanceDataReader,reviewed,삼성전자 3개년 일별 주가 수집 검수 완료 데이터
2024-07-17,005930,삼성전자,005930,87100.0,88000.0,86400.0,86700.0,18186490,86700.0,KRW,exchange,https://github.com/FinanceDataReader/FinanceDataReader,reviewed,삼성전자 3개년 일별 주가 수집 검수 완료 데이터
2024-07-18,005930,삼성전자,005930,83800.0,86900.0,83800.0,86900.0,24721790,86900.0,KRW,exchange,https://github.com/FinanceDataReader/FinanceDataReader,reviewed,삼성전자 3개년 일별 주가 수집 검수 완료 데이터
2024-07-19,005930,삼성전자,005930,85600.0,86100.0,84100.0,84400.0,18569122,84400.0,KRW,exchange,https://github.com/FinanceDataReader/FinanceDataReader,reviewed,삼성전자 3개년 일별 주가 수집 검수 완료 데이터
2024-07-22,005930,삼성전자,005930,84400.0,84900.0,82600.0,83000.0,18987560,83000.0,KRW,exchange,https://github.com/FinanceDataReader/FinanceDataReader,reviewed,삼성전자 3개년 일별 주가 수집 검수 완료 데이터
2024-07-23,005930,삼성전자,005930,84200.0,84700.0,83400.0,83900.0,15766389,83900.0,KRW,exchange,https://github.com/FinanceDataReader/FinanceDataReader,reviewed,삼성전자 3개년 일별 주가 수집 검수 완료 데이터
2024-07-24,005930,삼성전자,005930,82900.0,83300.0,81900.0,82000.0,16939083,82000.0,KRW,exchange,https://github.com/FinanceDataReader/FinanceDataReader,reviewed,삼성전자 3개년 일별 주가 수집 검수 완료 데이터
2024-07-25,005930,삼성전자,005930,80400.0,81000.0,80100.0,80400.0,20323811,80400.0,KRW,exchange,https://github.com/FinanceDataReader/FinanceDataReader,reviewed,삼성전자 3개년 일별 주가 수집 검수 완료 데이터
2024-07-26,005930,삼성전자,005930,80700.0,81300.0,80400.0,80900.0,14508334,80900.0,KRW,exchange,https://github.com/FinanceDataReader/FinanceDataReader,reviewed,삼성전자 3개년 일별 주가 수집 검수 완료 데이터
2024-07-29,005930,삼성전자,005930,81600.0,82000.0,81100.0,81200.0,12797136,81200.0,KRW,exchange,https://github.com/FinanceDataReader/FinanceDataReader,reviewed,삼성전자 3개년 일별 주가 수집 검수 완료 데이터
2024-07-30,005930,삼성전자,005930,80400.0,81000.0,80000.0,81000.0,13169636,81000.0,KRW,exchange,https://github.com/FinanceDataReader/FinanceDataReader,reviewed,삼성전자 3개년 일별 주가 수집 검수 완료 데이터
2024-07-31,005930,삼성전자,005930,81200.0,83900.0,80900.0,83900.0,20744323,83900.0,KRW,exchange,https://github.com/FinanceDataReader/FinanceDataReader,reviewed,삼성전자 3개년 일별 주가 수집 검수 완료 데이터
2024-08-01,005930,삼성전자,005930,86000.0,86100.0,83100.0,83100.0,20900338,83100.0,KRW,exchange,https://github.com/FinanceDataReader/FinanceDataReader,reviewed,삼성전자 3개년 일별 주가 수집 검수 완료 데이터
2024-08-02,005930,삼성전자,005930,81000.0,81400.0,79500.0,79600.0,25800275,79600.0,KRW,exchange,https://github.com/FinanceDataReader/FinanceDataReader,reviewed,삼성전자 3개년 일별 주가 수집 검수 완료 데이터
2024-08-05,005930,삼성전자,005930,76700.0,76900.0,70200.0,71400.0,54608790,71400.0,KRW,exchange,https://github.com/FinanceDataReader/FinanceDataReader,reviewed,삼성전자 3개년 일별 주가 수집 검수 완료 데이터
2024-08-06,005930,삼성전자,005930,74900.0,75300.0,72300.0,72500.0,47295226,72500.0,KRW,exchange,https://github.com/FinanceDataReader/FinanceDataReader,reviewed,삼성전자 3개년 일별 주가 수집 검수 완료 데이터
2024-08-07,005930,삼성전자,005930,73000.0,76000.0,72800.0,74700.0,32710428,74700.0,KRW,exchange,https://github.com/FinanceDataReader/FinanceDataReader,reviewed,삼성전자 3개년 일별 주가 수집 검수 완료 데이터
2024-08-08,005930,삼성전자,005930,73200.0,73900.0,72500.0,73400.0,28414729,73400.0,KRW,exchange,https://github.com/FinanceDataReader/FinanceDataReader,reviewed,삼성전자 3개년 일별 주가 수집 검수 완료 데이터
2024-08-09,005930,삼성전자,005930,75700.0,75800.0,74200.0,74700.0,16388222,74700.0,KRW,exchange,https://github.com/FinanceDataReader/FinanceDataReader,reviewed,삼성전자 3개년 일별 주가 수집 검수 완료 데이터
2024-08-12,005930,삼성전자,005930,75200.0,75900.0,74800.0,75500.0,9839259,75500.0,KRW,exchange,https://github.com/FinanceDataReader/FinanceDataReader,reviewed,삼성전자 3개년 일별 주가 수집 검수 완료 데이터
2024-08-13,005930,삼성전자,005930,76500.0,76600.0,75500.0,76100.0,10716261,76100.0,KRW,exchange,https://github.com/FinanceDataReader/FinanceDataReader,reviewed,삼성전자 3개년 일별 주가 수집 검수 완료 데이터
2024-08-14,005930,삼성전자,005930,77400.0,77800.0,77000.0,77200.0,13246168,77200.0,KRW,exchange,https://github.com/FinanceDataReader/FinanceDataReader,reviewed,삼성전자 3개년 일별 주가 수집 검수 완료 데이터
2024-08-16,005930,삼성전자,005930,79400.0,80200.0,78700.0,80200.0,22061478,80200.0,KRW,exchange,https://github.com/FinanceDataReader/FinanceDataReader,reviewed,삼성전자 3개년 일별 주가 수집 검수 완료 데이터
2024-08-19,005930,삼성전자,005930,80100.0,80100.0,78000.0,78300.0,14146565,78300.0,KRW,exchange,https://github.com/FinanceDataReader/FinanceDataReader,reviewed,삼성전자 3개년 일별 주가 수집 검수 완료 데이터
2024-08-20,005930,삼성전자,005930,79500.0,79800.0,78700.0,78900.0,10683836,78900.0,KRW,exchange,https://github.com/FinanceDataReader/FinanceDataReader,reviewed,삼성전자 3개년 일별 주가 수집 검수 완료 데이터
2024-08-21,005930,삼성전자,005930,77900.0,78600.0,77800.0,78300.0,7805598,78300.0,KRW,exchange,https://github.com/FinanceDataReader/FinanceDataReader,reviewed,삼성전자 3개년 일별 주가 수집 검수 완료 데이터
2024-08-22,005930,삼성전자,005930,78700.0,78900.0,77800.0,78300.0,8149101,78300.0,KRW,exchange,https://github.com/FinanceDataReader/FinanceDataReader,reviewed,삼성전자 3개년 일별 주가 수집 검수 완료 데이터
2024-08-23,005930,삼성전자,005930,77700.0,78400.0,77500.0,77700.0,9420306,77700.0,KRW,exchange,https://github.com/FinanceDataReader/FinanceDataReader,reviewed,삼성전자 3개년 일별 주가 수집 검수 완료 데이터
2024-08-26,005930,삼성전자,005930,78100.0,78200.0,76000.0,76100.0,15655938,76100.0,KRW,exchange,https://github.com/FinanceDataReader/FinanceDataReader,reviewed,삼성전자 3개년 일별 주가 수집 검수 완료 데이터
2024-08-27,005930,삼성전자,005930,75700.0,76500.0,75600.0,75800.0,11130145,75800.0,KRW,exchange,https://github.com/FinanceDataReader/FinanceDataReader,reviewed,삼성전자 3개년 일별 주가 수집 검수 완료 데이터
2024-08-28,005930,삼성전자,005930,75800.0,76400.0,75400.0,76400.0,9794514,76400.0,KRW,exchange,https://github.com/FinanceDataReader/FinanceDataReader,reviewed,삼성전자 3개년 일별 주가 수집 검수 완료 데이터
2024-08-29,005930,삼성전자,005930,73600.0,74700.0,73500.0,74000.0,16884479,74000.0,KRW,exchange,https://github.com/FinanceDataReader/FinanceDataReader,reviewed,삼성전자 3개년 일별 주가 수집 검수 완료 데이터
2024-08-30,005930,삼성전자,005930,74400.0,75000.0,74100.0,74300.0,16358520,74300.0,KRW,exchange,https://github.com/FinanceDataReader/FinanceDataReader,reviewed,삼성전자 3개년 일별 주가 수집 검수 완료 데이터
2024-09-02,005930,삼성전자,005930,74500.0,74700.0,73500.0,74400.0,12641376,74400.0,KRW,exchange,https://github.com/FinanceDataReader/FinanceDataReader,reviewed,삼성전자 3개년 일별 주가 수집 검수 완료 데이터
2024-09-03,005930,삼성전자,005930,74100.0,74300.0,72500.0,72500.0,16314599,72500.0,KRW,exchange,https://github.com/FinanceDataReader/FinanceDataReader,reviewed,삼성전자 3개년 일별 주가 수집 검수 완료 데이터
2024-09-04,005930,삼성전자,005930,69800.0,71100.0,69800.0,70000.0,27366563,70000.0,KRW,exchange,https://github.com/FinanceDataReader/FinanceDataReader,reviewed,삼성전자 3개년 일별 주가 수집 검수 완료 데이터
2024-09-05,005930,삼성전자,005930,70100.0,71200.0,69000.0,69000.0,25686769,69000.0,KRW,exchange,https://github.com/FinanceDataReader/FinanceDataReader,reviewed,삼성전자 3개년 일별 주가 수집 검수 완료 데이터
2024-09-06,005930,삼성전자,005930,69100.0,69700.0,68000.0,68900.0,19022299,68900.0,KRW,exchange,https://github.com/FinanceDataReader/FinanceDataReader,reviewed,삼성전자 3개년 일별 주가 수집 검수 완료 데이터
2024-09-09,005930,삼성전자,005930,66900.0,68200.0,66600.0,67500.0,23263298,67500.0,KRW,exchange,https://github.com/FinanceDataReader/FinanceDataReader,reviewed,삼성전자 3개년 일별 주가 수집 검수 완료 데이터
2024-09-10,005930,삼성전자,005930,67000.0,67300.0,66000.0,66200.0,30651376,66200.0,KRW,exchange,https://github.com/FinanceDataReader/FinanceDataReader,reviewed,삼성전자 3개년 일별 주가 수집 검수 완료 데이터
2024-09-11,005930,삼성전자,005930,65100.0,65500.0,64200.0,64900.0,35809707,64900.0,KRW,exchange,https://github.com/FinanceDataReader/FinanceDataReader,reviewed,삼성전자 3개년 일별 주가 수집 검수 완료 데이터
2024-09-12,005930,삼성전자,005930,66000.0,66600.0,65200.0,66300.0,35884106,66300.0,KRW,exchange,https://github.com/FinanceDataReader/FinanceDataReader,reviewed,삼성전자 3개년 일별 주가 수집 검수 완료 데이터
2024-09-13,005930,삼성전자,005930,65000.0,65500.0,64300.0,64400.0,25045135,64400.0,KRW,exchange,https://github.com/FinanceDataReader/FinanceDataReader,reviewed,삼성전자 3개년 일별 주가 수집 검수 완료 데이터
2024-09-19,005930,삼성전자,005930,64000.0,64400.0,62200.0,63100.0,49402713,63100.0,KRW,exchange,https://github.com/FinanceDataReader/FinanceDataReader,reviewed,삼성전자 3개년 일별 주가 수집 검수 완료 데이터
2024-09-20,005930,삼성전자,005930,63800.0,64700.0,63000.0,63000.0,32746056,63000.0,KRW,exchange,https://github.com/FinanceDataReader/FinanceDataReader,reviewed,삼성전자 3개년 일별 주가 수집 검수 완료 데이터
2024-09-23,005930,삼성전자,005930,62300.0,63500.0,62200.0,62600.0,28542376,62600.0,KRW,exchange,https://github.com/FinanceDataReader/FinanceDataReader,reviewed,삼성전자 3개년 일별 주가 수집 검수 완료 데이터
2024-09-24,005930,삼성전자,005930,62800.0,63400.0,62400.0,63200.0,26957500,63200.0,KRW,exchange,https://github.com/FinanceDataReader/FinanceDataReader,reviewed,삼성전자 3개년 일별 주가 수집 검수 완료 데이터
2024-09-25,005930,삼성전자,005930,63800.0,64200.0,62200.0,62200.0,28652438,62200.0,KRW,exchange,https://github.com/FinanceDataReader/FinanceDataReader,reviewed,삼성전자 3개년 일별 주가 수집 검수 완료 데이터
2024-09-26,005930,삼성전자,005930,63900.0,64900.0,63700.0,64700.0,37566015,64700.0,KRW,exchange,https://github.com/FinanceDataReader/FinanceDataReader,reviewed,삼성전자 3개년 일별 주가 수집 검수 완료 데이터
2024-09-27,005930,삼성전자,005930,64700.0,65400.0,64200.0,64200.0,28433030,64200.0,KRW,exchange,https://github.com/FinanceDataReader/FinanceDataReader,reviewed,삼성전자 3개년 일별 주가 수집 검수 완료 데이터
2024-09-30,005930,삼성전자,005930,64200.0,64300.0,61500.0,61500.0,32694163,61500.0,KRW,exchange,https://github.com/FinanceDataReader/FinanceDataReader,reviewed,삼성전자 3개년 일별 주가 수집 검수 완료 데이터
2024-10-02,005930,삼성전자,005930,60500.0,61900.0,59900.0,61300.0,28473536,61300.0,KRW,exchange,https://github.com/FinanceDataReader/FinanceDataReader,reviewed,삼성전자 3개년 일별 주가 수집 검수 완료 데이터
2024-10-04,005930,삼성전자,005930,61000.0,61700.0,60500.0,60600.0,24247578,60600.0,KRW,exchange,https://github.com/FinanceDataReader/FinanceDataReader,reviewed,삼성전자 3개년 일별 주가 수집 검수 완료 데이터
2024-10-07,005930,삼성전자,005930,60200.0,61900.0,59500.0,61000.0,35066533,61000.0,KRW,exchange,https://github.com/FinanceDataReader/FinanceDataReader,reviewed,삼성전자 3개년 일별 주가 수집 검수 완료 데이터
2024-10-08,005930,삼성전자,005930,60000.0,61000.0,59900.0,60300.0,27411786,60300.0,KRW,exchange,https://github.com/FinanceDataReader/FinanceDataReader,reviewed,삼성전자 3개년 일별 주가 수집 검수 완료 데이터
2024-10-10,005930,삼성전자,005930,60100.0,60200.0,58900.0,58900.0,45262214,58900.0,KRW,exchange,https://github.com/FinanceDataReader/FinanceDataReader,reviewed,삼성전자 3개년 일별 주가 수집 검수 완료 데이터
2024-10-11,005930,삼성전자,005930,59100.0,60100.0,59000.0,59300.0,29623969,59300.0,KRW,exchange,https://github.com/FinanceDataReader/FinanceDataReader,reviewed,삼성전자 3개년 일별 주가 수집 검수 완료 데이터
2024-10-14,005930,삼성전자,005930,59500.0,61200.0,59400.0,60800.0,20886249,60800.0,KRW,exchange,https://github.com/FinanceDataReader/FinanceDataReader,reviewed,삼성전자 3개년 일별 주가 수집 검수 완료 데이터
2024-10-15,005930,삼성전자,005930,61100.0,61400.0,60100.0,61000.0,22715239,61000.0,KRW,exchange,https://github.com/FinanceDataReader/FinanceDataReader,reviewed,삼성전자 3개년 일별 주가 수집 검수 완료 데이터
2024-10-16,005930,삼성전자,005930,59400.0,60000.0,59200.0,59500.0,23303268,59500.0,KRW,exchange,https://github.com/FinanceDataReader/FinanceDataReader,reviewed,삼성전자 3개년 일별 주가 수집 검수 완료 데이터
2024-10-17,005930,삼성전자,005930,59400.0,60100.0,59100.0,59700.0,23372873,59700.0,KRW,exchange,https://github.com/FinanceDataReader/FinanceDataReader,reviewed,삼성전자 3개년 일별 주가 수집 검수 완료 데이터
2024-10-18,005930,삼성전자,005930,59900.0,60100.0,59100.0,59200.0,14420260,59200.0,KRW,exchange,https://github.com/FinanceDataReader/FinanceDataReader,reviewed,삼성전자 3개년 일별 주가 수집 검수 완료 데이터
2024-10-21,005930,삼성전자,005930,59000.0,59600.0,58500.0,59000.0,18514905,59000.0,KRW,exchange,https://github.com/FinanceDataReader/FinanceDataReader,reviewed,삼성전자 3개년 일별 주가 수집 검수 완료 데이터
2024-10-22,005930,삼성전자,005930,58800.0,58900.0,57700.0,57700.0,27582527,57700.0,KRW,exchange,https://github.com/FinanceDataReader/FinanceDataReader,reviewed,삼성전자 3개년 일별 주가 수집 검수 완료 데이터
2024-10-23,005930,삼성전자,005930,57500.0,60000.0,57100.0,59100.0,27300780,59100.0,KRW,exchange,https://github.com/FinanceDataReader/FinanceDataReader,reviewed,삼성전자 3개년 일별 주가 수집 검수 완료 데이터
2024-10-24,005930,삼성전자,005930,58200.0,58500.0,56600.0,56600.0,31499922,56600.0,KRW,exchange,https://github.com/FinanceDataReader/FinanceDataReader,reviewed,삼성전자 3개년 일별 주가 수집 검수 완료 데이터
2024-10-25,005930,삼성전자,005930,56000.0,56900.0,55800.0,55900.0,25829315,55900.0,KRW,exchange,https://github.com/FinanceDataReader/FinanceDataReader,reviewed,삼성전자 3개년 일별 주가 수집 검수 완료 데이터
2024-10-28,005930,삼성전자,005930,55700.0,58500.0,55700.0,58100.0,27775009,58100.0,KRW,exchange,https://github.com/FinanceDataReader/FinanceDataReader,reviewed,삼성전자 3개년 일별 주가 수집 검수 완료 데이터
2024-10-29,005930,삼성전자,005930,58000.0,59600.0,57300.0,59600.0,28369314,59600.0,KRW,exchange,https://github.com/FinanceDataReader/FinanceDataReader,reviewed,삼성전자 3개년 일별 주가 수집 검수 완료 데이터
2024-10-30,005930,삼성전자,005930,59100.0,59800.0,58600.0,59100.0,19838511,59100.0,KRW,exchange,https://github.com/FinanceDataReader/FinanceDataReader,reviewed,삼성전자 3개년 일별 주가 수집 검수 완료 데이터
2024-10-31,005930,삼성전자,005930,58500.0,61200.0,58300.0,59200.0,35809196,59200.0,KRW,exchange,https://github.com/FinanceDataReader/FinanceDataReader,reviewed,삼성전자 3개년 일별 주가 수집 검수 완료 데이터
2024-11-01,005930,삼성전자,005930,59000.0,59600.0,58100.0,58300.0,19083180,58300.0,KRW,exchange,https://github.com/FinanceDataReader/FinanceDataReader,reviewed,삼성전자 3개년 일별 주가 수집 검수 완료 데이터
2024-11-04,005930,삼성전자,005930,58600.0,59400.0,58400.0,58700.0,15586947,58700.0,KRW,exchange,https://github.com/FinanceDataReader/FinanceDataReader,reviewed,삼성전자 3개년 일별 주가 수집 검수 완료 데이터
2024-11-05,005930,삼성전자,005930,57800.0,58100.0,57200.0,57600.0,17484474,57600.0,KRW,exchange,https://github.com/FinanceDataReader/FinanceDataReader,reviewed,삼성전자 3개년 일별 주가 수집 검수 완료 데이터
2024-11-06,005930,삼성전자,005930,57600.0,58000.0,56300.0,57300.0,22092218,57300.0,KRW,exchange,https://github.com/FinanceDataReader/FinanceDataReader,reviewed,삼성전자 3개년 일별 주가 수집 검수 완료 데이터
2024-11-07,005930,삼성전자,005930,56900.0,58100.0,56800.0,57500.0,17043102,57500.0,KRW,exchange,https://github.com/FinanceDataReader/FinanceDataReader,reviewed,삼성전자 3개년 일별 주가 수집 검수 완료 데이터
2024-11-08,005930,삼성전자,005930,58000.0,58300.0,57000.0,57000.0,13877396,57000.0,KRW,exchange,https://github.com/FinanceDataReader/FinanceDataReader,reviewed,삼성전자 3개년 일별 주가 수집 검수 완료 데이터
2024-11-11,005930,삼성전자,005930,56700.0,56800.0,55000.0,55000.0,29811326,55000.0,KRW,exchange,https://github.com/FinanceDataReader/FinanceDataReader,reviewed,삼성전자 3개년 일별 주가 수집 검수 완료 데이터
2024-11-12,005930,삼성전자,005930,54600.0,54600.0,53000.0,53000.0,37962881,53000.0,KRW,exchange,https://github.com/FinanceDataReader/FinanceDataReader,reviewed,삼성전자 3개년 일별 주가 수집 검수 완료 데이터
2024-11-13,005930,삼성전자,005930,52000.0,53000.0,50500.0,50600.0,52527995,50600.0,KRW,exchange,https://github.com/FinanceDataReader/FinanceDataReader,reviewed,삼성전자 3개년 일별 주가 수집 검수 완료 데이터
2024-11-14,005930,삼성전자,005930,50200.0,51800.0,49900.0,49900.0,48510715,49900.0,KRW,exchange,https://github.com/FinanceDataReader/FinanceDataReader,reviewed,삼성전자 3개년 일별 주가 수집 검수 완료 데이터
2024-11-15,005930,삼성전자,005930,50300.0,54200.0,50300.0,53500.0,46774485,53500.0,KRW,exchange,https://github.com/FinanceDataReader/FinanceDataReader,reviewed,삼성전자 3개년 일별 주가 수집 검수 완료 데이터
2024-11-18,005930,삼성전자,005930,57000.0,57500.0,55900.0,56700.0,48095234,56700.0,KRW,exchange,https://github.com/FinanceDataReader/FinanceDataReader,reviewed,삼성전자 3개년 일별 주가 수집 검수 완료 데이터
2024-11-19,005930,삼성전자,005930,56500.0,57500.0,55900.0,56300.0,31539632,56300.0,KRW,exchange,https://github.com/FinanceDataReader/FinanceDataReader,reviewed,삼성전자 3개년 일별 주가 수집 검수 완료 데이터
2024-11-20,005930,삼성전자,005930,56100.0,56500.0,54800.0,55300.0,20864667,55300.0,KRW,exchange,https://github.com/FinanceDataReader/FinanceDataReader,reviewed,삼성전자 3개년 일별 주가 수집 검수 완료 데이터
2024-11-21,005930,삼성전자,005930,54900.0,56900.0,54700.0,56400.0,19096850,56400.0,KRW,exchange,https://github.com/FinanceDataReader/FinanceDataReader,reviewed,삼성전자 3개년 일별 주가 수집 검수 완료 데이터
2024-11-22,005930,삼성전자,005930,56000.0,56700.0,55900.0,56000.0,15281543,56000.0,KRW,exchange,https://github.com/FinanceDataReader/FinanceDataReader,reviewed,삼성전자 3개년 일별 주가 수집 검수 완료 데이터
2024-11-25,005930,삼성전자,005930,57400.0,57900.0,56700.0,57900.0,36237325,57900.0,KRW,exchange,https://github.com/FinanceDataReader/FinanceDataReader,reviewed,삼성전자 3개년 일별 주가 수집 검수 완료 데이터
2024-11-26,005930,삼성전자,005930,57900.0,58900.0,57500.0,58300.0,23209405,58300.0,KRW,exchange,https://github.com/FinanceDataReader/FinanceDataReader,reviewed,삼성전자 3개년 일별 주가 수집 검수 완료 데이터
2024-11-27,005930,삼성전자,005930,57700.0,57800.0,56000.0,56300.0,21808387,56300.0,KRW,exchange,https://github.com/FinanceDataReader/FinanceDataReader,reviewed,삼성전자 3개년 일별 주가 수집 검수 완료 데이터
2024-11-28,005930,삼성전자,005930,56000.0,56400.0,55200.0,55500.0,20001134,55500.0,KRW,exchange,https://github.com/FinanceDataReader/FinanceDataReader,reviewed,삼성전자 3개년 일별 주가 수집 검수 완료 데이터
2024-11-29,005930,삼성전자,005930,55100.0,55300.0,53800.0,54200.0,24513531,54200.0,KRW,exchange,https://github.com/FinanceDataReader/FinanceDataReader,reviewed,삼성전자 3개년 일별 주가 수집 검수 완료 데이터
2024-12-02,005930,삼성전자,005930,54300.0,54400.0,53100.0,53600.0,22044867,53600.0,KRW,exchange,https://github.com/FinanceDataReader/FinanceDataReader,reviewed,삼성전자 3개년 일별 주가 수집 검수 완료 데이터
2024-12-03,005930,삼성전자,005930,53100.0,54400.0,53100.0,53600.0,23374603,53600.0,KRW,exchange,https://github.com/FinanceDataReader/FinanceDataReader,reviewed,삼성전자 3개년 일별 주가 수집 검수 완료 데이터
2024-12-04,005930,삼성전자,005930,52000.0,53400.0,52000.0,53100.0,29004766,53100.0,KRW,exchange,https://github.com/FinanceDataReader/FinanceDataReader,reviewed,삼성전자 3개년 일별 주가 수집 검수 완료 데이터
2024-12-05,005930,삼성전자,005930,53200.0,54400.0,53200.0,53700.0,23588277,53700.0,KRW,exchange,https://github.com/FinanceDataReader/FinanceDataReader,reviewed,삼성전자 3개년 일별 주가 수집 검수 완료 데이터
2024-12-06,005930,삼성전자,005930,53900.0,54400.0,52700.0,54100.0,22861874,54100.0,KRW,exchange,https://github.com/FinanceDataReader/FinanceDataReader,reviewed,삼성전자 3개년 일별 주가 수집 검수 완료 데이터
2024-12-09,005930,삼성전자,005930,53500.0,54600.0,53200.0,53400.0,26227680,53400.0,KRW,exchange,https://github.com/FinanceDataReader/FinanceDataReader,reviewed,삼성전자 3개년 일별 주가 수집 검수 완료 데이터
2024-12-10,005930,삼성전자,005930,54500.0,54500.0,53700.0,54000.0,20783970,54000.0,KRW,exchange,https://github.com/FinanceDataReader/FinanceDataReader,reviewed,삼성전자 3개년 일별 주가 수집 검수 완료 데이터
2024-12-11,005930,삼성전자,005930,53600.0,54200.0,53400.0,54000.0,14565947,54000.0,KRW,exchange,https://github.com/FinanceDataReader/FinanceDataReader,reviewed,삼성전자 3개년 일별 주가 수집 검수 완료 데이터
2024-12-12,005930,삼성전자,005930,54000.0,56500.0,53900.0,55900.0,33476698,55900.0,KRW,exchange,https://github.com/FinanceDataReader/FinanceDataReader,reviewed,삼성전자 3개년 일별 주가 수집 검수 완료 데이터
2024-12-13,005930,삼성전자,005930,55800.0,56300.0,55500.0,56100.0,15908823,56100.0,KRW,exchange,https://github.com/FinanceDataReader/FinanceDataReader,reviewed,삼성전자 3개년 일별 주가 수집 검수 완료 데이터
2024-12-16,005930,삼성전자,005930,56300.0,56600.0,55200.0,55600.0,15277277,55600.0,KRW,exchange,https://github.com/FinanceDataReader/FinanceDataReader,reviewed,삼성전자 3개년 일별 주가 수집 검수 완료 데이터
2024-12-17,005930,삼성전자,005930,54700.0,55200.0,54000.0,54200.0,20215230,54200.0,KRW,exchange,https://github.com/FinanceDataReader/FinanceDataReader,reviewed,삼성전자 3개년 일별 주가 수집 검수 완료 데이터
2024-12-18,005930,삼성전자,005930,54100.0,55400.0,54000.0,54900.0,13698937,54900.0,KRW,exchange,https://github.com/FinanceDataReader/FinanceDataReader,reviewed,삼성전자 3개년 일별 주가 수집 검수 완료 데이터
2024-12-19,005930,삼성전자,005930,53500.0,53800.0,53100.0,53100.0,22481925,53100.0,KRW,exchange,https://github.com/FinanceDataReader/FinanceDataReader,reviewed,삼성전자 3개년 일별 주가 수집 검수 완료 데이터
2024-12-20,005930,삼성전자,005930,52700.0,53100.0,51900.0,53000.0,24674774,53000.0,KRW,exchange,https://github.com/FinanceDataReader/FinanceDataReader,reviewed,삼성전자 3개년 일별 주가 수집 검수 완료 데이터
2024-12-23,005930,삼성전자,005930,53400.0,54000.0,53300.0,53500.0,13672650,53500.0,KRW,exchange,https://github.com/FinanceDataReader/FinanceDataReader,reviewed,삼성전자 3개년 일별 주가 수집 검수 완료 데이터
2024-12-24,005930,삼성전자,005930,53700.0,54500.0,53600.0,54400.0,11634677,54400.0,KRW,exchange,https://github.com/FinanceDataReader/FinanceDataReader,reviewed,삼성전자 3개년 일별 주가 수집 검수 완료 데이터
2024-12-26,005930,삼성전자,005930,54500.0,54600.0,53500.0,53600.0,10517075,53600.0,KRW,exchange,https://github.com/FinanceDataReader/FinanceDataReader,reviewed,삼성전자 3개년 일별 주가 수집 검수 완료 데이터
2024-12-27,005930,삼성전자,005930,53500.0,54100.0,53200.0,53700.0,10747196,53700.0,KRW,exchange,https://github.com/FinanceDataReader/FinanceDataReader,reviewed,삼성전자 3개년 일별 주가 수집 검수 완료 데이터
2024-12-30,005930,삼성전자,005930,53300.0,54000.0,53100.0,53200.0,12624702,53200.0,KRW,exchange,https://github.com/FinanceDataReader/FinanceDataReader,reviewed,삼성전자 3개년 일별 주가 수집 검수 완료 데이터
2025-01-02,005930,삼성전자,005930,52700.0,53600.0,52300.0,53400.0,16630538,53400.0,KRW,exchange,https://github.com/FinanceDataReader/FinanceDataReader,reviewed,삼성전자 3개년 일별 주가 수집 검수 완료 데이터
2025-01-03,005930,삼성전자,005930,52800.0,55100.0,52800.0,54400.0,19318046,54400.0,KRW,exchange,https://github.com/FinanceDataReader/FinanceDataReader,reviewed,삼성전자 3개년 일별 주가 수집 검수 완료 데이터
2025-01-06,005930,삼성전자,005930,54400.0,56200.0,54300.0,55900.0,19034284,55900.0,KRW,exchange,https://github.com/FinanceDataReader/FinanceDataReader,reviewed,삼성전자 3개년 일별 주가 수집 검수 완료 데이터
2025-01-07,005930,삼성전자,005930,56800.0,57300.0,55400.0,55400.0,17030235,55400.0,KRW,exchange,https://github.com/FinanceDataReader/FinanceDataReader,reviewed,삼성전자 3개년 일별 주가 수집 검수 완료 데이터
2025-01-08,005930,삼성전자,005930,54800.0,57500.0,54700.0,57300.0,26593553,57300.0,KRW,exchange,https://github.com/FinanceDataReader/FinanceDataReader,reviewed,삼성전자 3개년 일별 주가 수집 검수 완료 데이터
2025-01-09,005930,삼성전자,005930,57600.0,57700.0,56100.0,56100.0,24490592,56100.0,KRW,exchange,https://github.com/FinanceDataReader/FinanceDataReader,reviewed,삼성전자 3개년 일별 주가 수집 검수 완료 데이터
2025-01-10,005930,삼성전자,005930,56100.0,56500.0,55200.0,55300.0,16059223,55300.0,KRW,exchange,https://github.com/FinanceDataReader/FinanceDataReader,reviewed,삼성전자 3개년 일별 주가 수집 검수 완료 데이터
2025-01-13,005930,삼성전자,005930,54600.0,55000.0,54100.0,54100.0,16868600,54100.0,KRW,exchange,https://github.com/FinanceDataReader/FinanceDataReader,reviewed,삼성전자 3개년 일별 주가 수집 검수 완료 데이터
2025-01-14,005930,삼성전자,005930,54200.0,54600.0,53700.0,53900.0,17465926,53900.0,KRW,exchange,https://github.com/FinanceDataReader/FinanceDataReader,reviewed,삼성전자 3개년 일별 주가 수집 검수 완료 데이터
2025-01-15,005930,삼성전자,005930,54100.0,54700.0,53500.0,53700.0,18625025,53700.0,KRW,exchange,https://github.com/FinanceDataReader/FinanceDataReader,reviewed,삼성전자 3개년 일별 주가 수집 검수 완료 데이터
2025-01-16,005930,삼성전자,005930,54200.0,55000.0,54100.0,54300.0,18627298,54300.0,KRW,exchange,https://github.com/FinanceDataReader/FinanceDataReader,reviewed,삼성전자 3개년 일별 주가 수집 검수 완료 데이터
2025-01-17,005930,삼성전자,005930,53800.0,54100.0,53200.0,53700.0,18805344,53700.0,KRW,exchange,https://github.com/FinanceDataReader/FinanceDataReader,reviewed,삼성전자 3개년 일별 주가 수집 검수 완료 데이터
2025-01-20,005930,삼성전자,005930,53600.0,53900.0,53300.0,53400.0,11822531,53400.0,KRW,exchange,https://github.com/FinanceDataReader/FinanceDataReader,reviewed,삼성전자 3개년 일별 주가 수집 검수 완료 데이터
2025-01-21,005930,삼성전자,005930,53700.0,54300.0,53300.0,53500.0,13535702,53500.0,KRW,exchange,https://github.com/FinanceDataReader/FinanceDataReader,reviewed,삼성전자 3개년 일별 주가 수집 검수 완료 데이터
2025-01-22,005930,삼성전자,005930,53400.0,54400.0,53100.0,54300.0,18341991,54300.0,KRW,exchange,https://github.com/FinanceDataReader/FinanceDataReader,reviewed,삼성전자 3개년 일별 주가 수집 검수 완료 데이터
2025-01-23,005930,삼성전자,005930,53700.0,54100.0,53500.0,53700.0,15588067,53700.0,KRW,exchange,https://github.com/FinanceDataReader/FinanceDataReader,reviewed,삼성전자 3개년 일별 주가 수집 검수 완료 데이터
2025-01-24,005930,삼성전자,005930,53600.0,53800.0,53200.0,53700.0,11867631,53700.0,KRW,exchange,https://github.com/FinanceDataReader/FinanceDataReader,reviewed,삼성전자 3개년 일별 주가 수집 검수 완료 데이터
2025-01-31,005930,삼성전자,005930,52200.0,53000.0,51700.0,52400.0,42186279,52400.0,KRW,exchange,https://github.com/FinanceDataReader/FinanceDataReader,reviewed,삼성전자 3개년 일별 주가 수집 검수 완료 데이터
2025-02-03,005930,삼성전자,005930,51100.0,51400.0,50800.0,51000.0,32344897,51000.0,KRW,exchange,https://github.com/FinanceDataReader/FinanceDataReader,reviewed,삼성전자 3개년 일별 주가 수집 검수 완료 데이터
2025-02-04,005930,삼성전자,005930,51600.0,53600.0,51500.0,52700.0,27214851,52700.0,KRW,exchange,https://github.com/FinanceDataReader/FinanceDataReader,reviewed,삼성전자 3개년 일별 주가 수집 검수 완료 데이터
2025-02-05,005930,삼성전자,005930,53600.0,53800.0,52800.0,52900.0,15974885,52900.0,KRW,exchange,https://github.com/FinanceDataReader/FinanceDataReader,reviewed,삼성전자 3개년 일별 주가 수집 검수 완료 데이터
2025-02-06,005930,삼성전자,005930,53400.0,54000.0,53200.0,54000.0,16466025,54000.0,KRW,exchange,https://github.com/FinanceDataReader/FinanceDataReader,reviewed,삼성전자 3개년 일별 주가 수집 검수 완료 데이터
2025-02-07,005930,삼성전자,005930,53900.0,54200.0,53600.0,53700.0,14476866,53700.0,KRW,exchange,https://github.com/FinanceDataReader/FinanceDataReader,reviewed,삼성전자 3개년 일별 주가 수집 검수 완료 데이터
2025-02-10,005930,삼성전자,005930,53000.0,55900.0,52900.0,55600.0,27577591,55600.0,KRW,exchange,https://github.com/FinanceDataReader/FinanceDataReader,reviewed,삼성전자 3개년 일별 주가 수집 검수 완료 데이터
2025-02-11,005930,삼성전자,005930,55500.0,56300.0,55000.0,55700.0,24596196,55700.0,KRW,exchange,https://github.com/FinanceDataReader/FinanceDataReader,reviewed,삼성전자 3개년 일별 주가 수집 검수 완료 데이터
2025-02-12,005930,삼성전자,005930,55100.0,55900.0,54500.0,55800.0,26428596,55800.0,KRW,exchange,https://github.com/FinanceDataReader/FinanceDataReader,reviewed,삼성전자 3개년 일별 주가 수집 검수 완료 데이터
2025-02-13,005930,삼성전자,005930,56100.0,56400.0,55600.0,55800.0,22448377,55800.0,KRW,exchange,https://github.com/FinanceDataReader/FinanceDataReader,reviewed,삼성전자 3개년 일별 주가 수집 검수 완료 데이터
2025-02-14,005930,삼성전자,005930,56000.0,57300.0,56000.0,56000.0,23979779,56000.0,KRW,exchange,https://github.com/FinanceDataReader/FinanceDataReader,reviewed,삼성전자 3개년 일별 주가 수집 검수 완료 데이터
2025-02-17,005930,삼성전자,005930,56100.0,56500.0,55700.0,56000.0,11916027,56000.0,KRW,exchange,https://github.com/FinanceDataReader/FinanceDataReader,reviewed,삼성전자 3개년 일별 주가 수집 검수 완료 데이터
2025-02-18,005930,삼성전자,005930,56200.0,57200.0,55900.0,56900.0,22131007,56900.0,KRW,exchange,https://github.com/FinanceDataReader/FinanceDataReader,reviewed,삼성전자 3개년 일별 주가 수집 검수 완료 데이터
2025-02-19,005930,삼성전자,005930,57400.0,58900.0,57300.0,58700.0,25395151,58700.0,KRW,exchange,https://github.com/FinanceDataReader/FinanceDataReader,reviewed,삼성전자 3개년 일별 주가 수집 검수 완료 데이터
2025-02-20,005930,삼성전자,005930,59100.0,59100.0,58100.0,58400.0,21589059,58400.0,KRW,exchange,https://github.com/FinanceDataReader/FinanceDataReader,reviewed,삼성전자 3개년 일별 주가 수집 검수 완료 데이터
2025-02-21,005930,삼성전자,005930,58400.0,58500.0,57100.0,58200.0,22198428,58200.0,KRW,exchange,https://github.com/FinanceDataReader/FinanceDataReader,reviewed,삼성전자 3개년 일별 주가 수집 검수 완료 데이터
2025-02-24,005930,삼성전자,005930,57300.0,57700.0,57200.0,57300.0,14138471,57300.0,KRW,exchange,https://github.com/FinanceDataReader/FinanceDataReader,reviewed,삼성전자 3개년 일별 주가 수집 검수 완료 데이터
2025-02-25,005930,삼성전자,005930,56600.0,57800.0,56500.0,57200.0,14625181,57200.0,KRW,exchange,https://github.com/FinanceDataReader/FinanceDataReader,reviewed,삼성전자 3개년 일별 주가 수집 검수 완료 데이터
2025-02-26,005930,삼성전자,005930,57000.0,57100.0,56100.0,56600.0,18117091,56600.0,KRW,exchange,https://github.com/FinanceDataReader/FinanceDataReader,reviewed,삼성전자 3개년 일별 주가 수집 검수 완료 데이터
2025-02-27,005930,삼성전자,005930,56500.0,57100.0,56200.0,56300.0,14975356,56300.0,KRW,exchange,https://github.com/FinanceDataReader/FinanceDataReader,reviewed,삼성전자 3개년 일별 주가 수집 검수 완료 데이터
2025-02-28,005930,삼성전자,005930,55400.0,55700.0,54500.0,54500.0,28036698,54500.0,KRW,exchange,https://github.com/FinanceDataReader/FinanceDataReader,reviewed,삼성전자 3개년 일별 주가 수집 검수 완료 데이터
2025-03-04,005930,삼성전자,005930,53900.0,55000.0,53800.0,54500.0,18553933,54500.0,KRW,exchange,https://github.com/FinanceDataReader/FinanceDataReader,reviewed,삼성전자 3개년 일별 주가 수집 검수 완료 데이터
2025-03-05,005930,삼성전자,005930,55100.0,55400.0,54000.0,54000.0,16578817,54000.0,KRW,exchange,https://github.com/FinanceDataReader/FinanceDataReader,reviewed,삼성전자 3개년 일별 주가 수집 검수 완료 데이터
2025-03-06,005930,삼성전자,005930,54100.0,54500.0,54000.0,54300.0,12258101,54300.0,KRW,exchange,https://github.com/FinanceDataReader/FinanceDataReader,reviewed,삼성전자 3개년 일별 주가 수집 검수 완료 데이터
2025-03-07,005930,삼성전자,005930,53500.0,54200.0,53400.0,53700.0,14274992,53700.0,KRW,exchange,https://github.com/FinanceDataReader/FinanceDataReader,reviewed,삼성전자 3개년 일별 주가 수집 검수 완료 데이터
2025-03-10,005930,삼성전자,005930,53500.0,54800.0,53500.0,53700.0,12921670,53700.0,KRW,exchange,https://github.com/FinanceDataReader/FinanceDataReader,reviewed,삼성전자 3개년 일별 주가 수집 검수 완료 데이터
2025-03-11,005930,삼성전자,005930,52500.0,54100.0,52500.0,53600.0,17740891,53600.0,KRW,exchange,https://github.com/FinanceDataReader/FinanceDataReader,reviewed,삼성전자 3개년 일별 주가 수집 검수 완료 데이터
2025-03-12,005930,삼성전자,005930,53800.0,55300.0,53600.0,54900.0,17973221,54900.0,KRW,exchange,https://github.com/FinanceDataReader/FinanceDataReader,reviewed,삼성전자 3개년 일별 주가 수집 검수 완료 데이터
2025-03-13,005930,삼성전자,005930,55800.0,55900.0,54200.0,54700.0,24132151,54700.0,KRW,exchange,https://github.com/FinanceDataReader/FinanceDataReader,reviewed,삼성전자 3개년 일별 주가 수집 검수 완료 데이터
2025-03-14,005930,삼성전자,005930,54500.0,55100.0,54400.0,54700.0,10845154,54700.0,KRW,exchange,https://github.com/FinanceDataReader/FinanceDataReader,reviewed,삼성전자 3개년 일별 주가 수집 검수 완료 데이터
2025-03-17,005930,삼성전자,005930,55500.0,57800.0,55400.0,57600.0,35559021,57600.0,KRW,exchange,https://github.com/FinanceDataReader/FinanceDataReader,reviewed,삼성전자 3개년 일별 주가 수집 검수 완료 데이터
2025-03-18,005930,삼성전자,005930,58800.0,59000.0,57300.0,57600.0,28138594,57600.0,KRW,exchange,https://github.com/FinanceDataReader/FinanceDataReader,reviewed,삼성전자 3개년 일별 주가 수집 검수 완료 데이터
2025-03-19,005930,삼성전자,005930,57400.0,59200.0,57400.0,58500.0,29421759,58500.0,KRW,exchange,https://github.com/FinanceDataReader/FinanceDataReader,reviewed,삼성전자 3개년 일별 주가 수집 검수 완료 데이터
2025-03-20,005930,삼성전자,005930,59200.0,60300.0,58500.0,60200.0,34989004,60200.0,KRW,exchange,https://github.com/FinanceDataReader/FinanceDataReader,reviewed,삼성전자 3개년 일별 주가 수집 검수 완료 데이터
2025-03-21,005930,삼성전자,005930,60900.0,61700.0,60400.0,61700.0,40155612,61700.0,KRW,exchange,https://github.com/FinanceDataReader/FinanceDataReader,reviewed,삼성전자 3개년 일별 주가 수집 검수 완료 데이터
2025-03-24,005930,삼성전자,005930,61200.0,61600.0,60500.0,60500.0,14088094,60500.0,KRW,exchange,https://github.com/FinanceDataReader/FinanceDataReader,reviewed,삼성전자 3개년 일별 주가 수집 검수 완료 데이터
2025-03-25,005930,삼성전자,005930,60900.0,61100.0,59500.0,59800.0,17259455,59800.0,KRW,exchange,https://github.com/FinanceDataReader/FinanceDataReader,reviewed,삼성전자 3개년 일별 주가 수집 검수 완료 데이터
2025-03-26,005930,삼성전자,005930,59800.0,61400.0,59700.0,61400.0,16431645,61400.0,KRW,exchange,https://github.com/FinanceDataReader/FinanceDataReader,reviewed,삼성전자 3개년 일별 주가 수집 검수 완료 데이터
2025-03-27,005930,삼성전자,005930,60900.0,62000.0,60800.0,61800.0,20389790,61800.0,KRW,exchange,https://github.com/FinanceDataReader/FinanceDataReader,reviewed,삼성전자 3개년 일별 주가 수집 검수 완료 데이터
2025-03-28,005930,삼성전자,005930,60700.0,61100.0,60000.0,60200.0,16282514,60200.0,KRW,exchange,https://github.com/FinanceDataReader/FinanceDataReader,reviewed,삼성전자 3개년 일별 주가 수집 검수 완료 데이터
2025-03-31,005930,삼성전자,005930,59500.0,59700.0,57800.0,57800.0,17633494,57800.0,KRW,exchange,https://github.com/FinanceDataReader/FinanceDataReader,reviewed,삼성전자 3개년 일별 주가 수집 검수 완료 데이터
2025-04-01,005930,삼성전자,005930,58700.0,59600.0,57900.0,58800.0,13841706,58800.0,KRW,exchange,https://github.com/FinanceDataReader/FinanceDataReader,reviewed,삼성전자 3개년 일별 주가 수집 검수 완료 데이터
2025-04-02,005930,삼성전자,005930,58800.0,59400.0,58300.0,58800.0,14402297,58800.0,KRW,exchange,https://github.com/FinanceDataReader/FinanceDataReader,reviewed,삼성전자 3개년 일별 주가 수집 검수 완료 데이터
2025-04-03,005930,삼성전자,005930,56900.0,57800.0,56900.0,57600.0,19508076,57600.0,KRW,exchange,https://github.com/FinanceDataReader/FinanceDataReader,reviewed,삼성전자 3개년 일별 주가 수집 검수 완료 데이터
2025-04-04,005930,삼성전자,005930,56200.0,58200.0,55700.0,56100.0,23527139,56100.0,KRW,exchange,https://github.com/FinanceDataReader/FinanceDataReader,reviewed,삼성전자 3개년 일별 주가 수집 검수 완료 데이터
2025-04-07,005930,삼성전자,005930,53300.0,54100.0,53100.0,53200.0,31998883,53200.0,KRW,exchange,https://github.com/FinanceDataReader/FinanceDataReader,reviewed,삼성전자 3개년 일별 주가 수집 검수 완료 데이터
2025-04-08,005930,삼성전자,005930,55000.0,55300.0,53300.0,53500.0,25532845,53500.0,KRW,exchange,https://github.com/FinanceDataReader/FinanceDataReader,reviewed,삼성전자 3개년 일별 주가 수집 검수 완료 데이터
2025-04-09,005930,삼성전자,005930,53300.0,54300.0,52900.0,53000.0,20576960,53000.0,KRW,exchange,https://github.com/FinanceDataReader/FinanceDataReader,reviewed,삼성전자 3개년 일별 주가 수집 검수 완료 데이터
2025-04-10,005930,삼성전자,005930,56600.0,56700.0,55000.0,56400.0,22948172,56400.0,KRW,exchange,https://github.com/FinanceDataReader/FinanceDataReader,reviewed,삼성전자 3개년 일별 주가 수집 검수 완료 데이터
2025-04-11,005930,삼성전자,005930,55600.0,55700.0,54800.0,55200.0,13930480,55200.0,KRW,exchange,https://github.com/FinanceDataReader/FinanceDataReader,reviewed,삼성전자 3개년 일별 주가 수집 검수 완료 데이터
2025-04-14,005930,삼성전자,005930,56300.0,56700.0,55800.0,56200.0,12852613,56200.0,KRW,exchange,https://github.com/FinanceDataReader/FinanceDataReader,reviewed,삼성전자 3개년 일별 주가 수집 검수 완료 데이터
2025-04-15,005930,삼성전자,005930,56300.0,57100.0,56200.0,56600.0,8998640,56600.0,KRW,exchange,https://github.com/FinanceDataReader/FinanceDataReader,reviewed,삼성전자 3개년 일별 주가 수집 검수 완료 데이터
2025-04-16,005930,삼성전자,005930,56000.0,56200.0,54500.0,54700.0,14437025,54700.0,KRW,exchange,https://github.com/FinanceDataReader/FinanceDataReader,reviewed,삼성전자 3개년 일별 주가 수집 검수 완료 데이터
2025-04-17,005930,삼성전자,005930,54700.0,55300.0,54500.0,55100.0,10867069,55100.0,KRW,exchange,https://github.com/FinanceDataReader/FinanceDataReader,reviewed,삼성전자 3개년 일별 주가 수집 검수 완료 데이터
2025-04-18,005930,삼성전자,005930,55300.0,55600.0,54900.0,55300.0,5848342,55300.0,KRW,exchange,https://github.com/FinanceDataReader/FinanceDataReader,reviewed,삼성전자 3개년 일별 주가 수집 검수 완료 데이터
2025-04-21,005930,삼성전자,005930,55200.0,56000.0,55100.0,55400.0,5941847,55400.0,KRW,exchange,https://github.com/FinanceDataReader/FinanceDataReader,reviewed,삼성전자 3개년 일별 주가 수집 검수 완료 데이터
2025-04-22,005930,삼성전자,005930,54900.0,55500.0,54700.0,55000.0,9532469,55000.0,KRW,exchange,https://github.com/FinanceDataReader/FinanceDataReader,reviewed,삼성전자 3개년 일별 주가 수집 검수 완료 데이터
2025-04-23,005930,삼성전자,005930,56000.0,56100.0,55500.0,55700.0,11148692,55700.0,KRW,exchange,https://github.com/FinanceDataReader/FinanceDataReader,reviewed,삼성전자 3개년 일별 주가 수집 검수 완료 데이터
2025-04-24,005930,삼성전자,005930,55600.0,55800.0,55200.0,55700.0,10580377,55700.0,KRW,exchange,https://github.com/FinanceDataReader/FinanceDataReader,reviewed,삼성전자 3개년 일별 주가 수집 검수 완료 데이터
2025-04-25,005930,삼성전자,005930,56400.0,56400.0,55600.0,55700.0,12183303,55700.0,KRW,exchange,https://github.com/FinanceDataReader/FinanceDataReader,reviewed,삼성전자 3개년 일별 주가 수집 검수 완료 데이터
2025-04-28,005930,삼성전자,005930,55800.0,55900.0,55500.0,55800.0,9341518,55800.0,KRW,exchange,https://github.com/FinanceDataReader/FinanceDataReader,reviewed,삼성전자 3개년 일별 주가 수집 검수 완료 데이터
2025-04-29,005930,삼성전자,005930,55700.0,56500.0,55600.0,55800.0,10295518,55800.0,KRW,exchange,https://github.com/FinanceDataReader/FinanceDataReader,reviewed,삼성전자 3개년 일별 주가 수집 검수 완료 데이터
2025-04-30,005930,삼성전자,005930,55900.0,56000.0,55300.0,55500.0,13014189,55500.0,KRW,exchange,https://github.com/FinanceDataReader/FinanceDataReader,reviewed,삼성전자 3개년 일별 주가 수집 검수 완료 데이터
2025-05-02,005930,삼성전자,005930,55000.0,55500.0,54200.0,54300.0,22454204,54300.0,KRW,exchange,https://github.com/FinanceDataReader/FinanceDataReader,reviewed,삼성전자 3개년 일별 주가 수집 검수 완료 데이터
2025-05-07,005930,삼성전자,005930,54500.0,55000.0,54300.0,54600.0,17136991,54600.0,KRW,exchange,https://github.com/FinanceDataReader/FinanceDataReader,reviewed,삼성전자 3개년 일별 주가 수집 검수 완료 데이터
2025-05-08,005930,삼성전자,005930,55100.0,55500.0,54500.0,54600.0,16320532,54600.0,KRW,exchange,https://github.com/FinanceDataReader/FinanceDataReader,reviewed,삼성전자 3개년 일별 주가 수집 검수 완료 데이터
2025-05-09,005930,삼성전자,005930,54700.0,55000.0,54400.0,54800.0,7814322,54800.0,KRW,exchange,https://github.com/FinanceDataReader/FinanceDataReader,reviewed,삼성전자 3개년 일별 주가 수집 검수 완료 데이터
2025-05-12,005930,삼성전자,005930,55200.0,57600.0,55000.0,57600.0,15414702,57600.0,KRW,exchange,https://github.com/FinanceDataReader/FinanceDataReader,reviewed,삼성전자 3개년 일별 주가 수집 검수 완료 데이터
2025-05-13,005930,삼성전자,005930,57700.0,58200.0,56800.0,56900.0,16842801,56900.0,KRW,exchange,https://github.com/FinanceDataReader/FinanceDataReader,reviewed,삼성전자 3개년 일별 주가 수집 검수 완료 데이터
2025-05-14,005930,삼성전자,005930,57500.0,57900.0,57000.0,57400.0,12468089,57400.0,KRW,exchange,https://github.com/FinanceDataReader/FinanceDataReader,reviewed,삼성전자 3개년 일별 주가 수집 검수 완료 데이터
2025-05-15,005930,삼성전자,005930,57400.0,58600.0,57100.0,57300.0,13139736,57300.0,KRW,exchange,https://github.com/FinanceDataReader/FinanceDataReader,reviewed,삼성전자 3개년 일별 주가 수집 검수 완료 데이터
2025-05-16,005930,삼성전자,005930,57400.0,57500.0,56700.0,56800.0,10385352,56800.0,KRW,exchange,https://github.com/FinanceDataReader/FinanceDataReader,reviewed,삼성전자 3개년 일별 주가 수집 검수 완료 데이터
2025-05-19,005930,삼성전자,005930,56400.0,56400.0,55500.0,55800.0,9802105,55800.0,KRW,exchange,https://github.com/FinanceDataReader/FinanceDataReader,reviewed,삼성전자 3개년 일별 주가 수집 검수 완료 데이터
2025-05-20,005930,삼성전자,005930,56200.0,56700.0,55700.0,55900.0,9080577,55900.0,KRW,exchange,https://github.com/FinanceDataReader/FinanceDataReader,reviewed,삼성전자 3개년 일별 주가 수집 검수 완료 데이터
2025-05-21,005930,삼성전자,005930,56200.0,56600.0,55700.0,55700.0,7794181,55700.0,KRW,exchange,https://github.com/FinanceDataReader/FinanceDataReader,reviewed,삼성전자 3개년 일별 주가 수집 검수 완료 데이터
2025-05-22,005930,삼성전자,005930,55300.0,55500.0,54500.0,54700.0,15254278,54700.0,KRW,exchange,https://github.com/FinanceDataReader/FinanceDataReader,reviewed,삼성전자 3개년 일별 주가 수집 검수 완료 데이터
2025-05-23,005930,삼성전자,005930,55000.0,55200.0,54100.0,54200.0,11247115,54200.0,KRW,exchange,https://github.com/FinanceDataReader/FinanceDataReader,reviewed,삼성전자 3개년 일별 주가 수집 검수 완료 데이터
2025-05-26,005930,삼성전자,005930,53900.0,55000.0,53700.0,54700.0,10901337,54700.0,KRW,exchange,https://github.com/FinanceDataReader/FinanceDataReader,reviewed,삼성전자 3개년 일별 주가 수집 검수 완료 데이터
2025-05-27,005930,삼성전자,005930,54200.0,54500.0,53800.0,53900.0,13439520,53900.0,KRW,exchange,https://github.com/FinanceDataReader/FinanceDataReader,reviewed,삼성전자 3개년 일별 주가 수집 검수 완료 데이터
2025-05-28,005930,삼성전자,005930,54300.0,56100.0,54200.0,55900.0,17516283,55900.0,KRW,exchange,https://github.com/FinanceDataReader/FinanceDataReader,reviewed,삼성전자 3개년 일별 주가 수집 검수 완료 데이터
2025-05-29,005930,삼성전자,005930,56200.0,56400.0,55600.0,56100.0,12936810,56100.0,KRW,exchange,https://github.com/FinanceDataReader/FinanceDataReader,reviewed,삼성전자 3개년 일별 주가 수집 검수 완료 데이터
2025-05-30,005930,삼성전자,005930,56200.0,57200.0,55800.0,56200.0,26219683,56200.0,KRW,exchange,https://github.com/FinanceDataReader/FinanceDataReader,reviewed,삼성전자 3개년 일별 주가 수집 검수 완료 데이터
2025-06-02,005930,삼성전자,005930,56300.0,57300.0,56200.0,56800.0,12870515,56800.0,KRW,exchange,https://github.com/FinanceDataReader/FinanceDataReader,reviewed,삼성전자 3개년 일별 주가 수집 검수 완료 데이터
2025-06-04,005930,삼성전자,005930,57200.0,57900.0,56800.0,57800.0,19649983,57800.0,KRW,exchange,https://github.com/FinanceDataReader/FinanceDataReader,reviewed,삼성전자 3개년 일별 주가 수집 검수 완료 데이터
2025-06-05,005930,삼성전자,005930,58100.0,59900.0,57900.0,59100.0,23266027,59100.0,KRW,exchange,https://github.com/FinanceDataReader/FinanceDataReader,reviewed,삼성전자 3개년 일별 주가 수집 검수 완료 데이터
2025-06-09,005930,삼성전자,005930,60400.0,60400.0,59500.0,59800.0,19609659,59800.0,KRW,exchange,https://github.com/FinanceDataReader/FinanceDataReader,reviewed,삼성전자 3개년 일별 주가 수집 검수 완료 데이터
2025-06-10,005930,삼성전자,005930,60000.0,60100.0,58800.0,59200.0,15305760,59200.0,KRW,exchange,https://github.com/FinanceDataReader/FinanceDataReader,reviewed,삼성전자 3개년 일별 주가 수집 검수 완료 데이터
2025-06-11,005930,삼성전자,005930,59500.0,60100.0,59400.0,59900.0,13610734,59900.0,KRW,exchange,https://github.com/FinanceDataReader/FinanceDataReader,reviewed,삼성전자 3개년 일별 주가 수집 검수 완료 데이터
2025-06-12,005930,삼성전자,005930,59700.0,60000.0,59300.0,59500.0,17755115,59500.0,KRW,exchange,https://github.com/FinanceDataReader/FinanceDataReader,reviewed,삼성전자 3개년 일별 주가 수집 검수 완료 데이터
2025-06-13,005930,삼성전자,005930,60200.0,60200.0,57700.0,58300.0,20705979,58300.0,KRW,exchange,https://github.com/FinanceDataReader/FinanceDataReader,reviewed,삼성전자 3개년 일별 주가 수집 검수 완료 데이터
2025-06-16,005930,삼성전자,005930,58000.0,58100.0,56900.0,57200.0,22200872,57200.0,KRW,exchange,https://github.com/FinanceDataReader/FinanceDataReader,reviewed,삼성전자 3개년 일별 주가 수집 검수 완료 데이터
2025-06-17,005930,삼성전자,005930,57800.0,59800.0,57400.0,58100.0,28637003,58100.0,KRW,exchange,https://github.com/FinanceDataReader/FinanceDataReader,reviewed,삼성전자 3개년 일별 주가 수집 검수 완료 데이터
2025-06-18,005930,삼성전자,005930,58000.0,59800.0,57900.0,59800.0,17620705,59800.0,KRW,exchange,https://github.com/FinanceDataReader/FinanceDataReader,reviewed,삼성전자 3개년 일별 주가 수집 검수 완료 데이터
2025-06-19,005930,삼성전자,005930,60500.0,60600.0,59000.0,59200.0,16876278,59200.0,KRW,exchange,https://github.com/FinanceDataReader/FinanceDataReader,reviewed,삼성전자 3개년 일별 주가 수집 검수 완료 데이터
2025-06-20,005930,삼성전자,005930,59400.0,59800.0,59100.0,59500.0,18072251,59500.0,KRW,exchange,https://github.com/FinanceDataReader/FinanceDataReader,reviewed,삼성전자 3개년 일별 주가 수집 검수 완료 데이터
2025-06-23,005930,삼성전자,005930,58400.0,58500.0,57600.0,58000.0,16551694,58000.0,KRW,exchange,https://github.com/FinanceDataReader/FinanceDataReader,reviewed,삼성전자 3개년 일별 주가 수집 검수 완료 데이터
2025-06-24,005930,삼성전자,005930,59400.0,60600.0,59300.0,60500.0,23737899,60500.0,KRW,exchange,https://github.com/FinanceDataReader/FinanceDataReader,reviewed,삼성전자 3개년 일별 주가 수집 검수 완료 데이터
2025-06-25,005930,삼성전자,005930,61500.0,61600.0,60300.0,61300.0,23933612,61300.0,KRW,exchange,https://github.com/FinanceDataReader/FinanceDataReader,reviewed,삼성전자 3개년 일별 주가 수집 검수 완료 데이터
2025-06-26,005930,삼성전자,005930,61300.0,61300.0,59900.0,60200.0,19402300,60200.0,KRW,exchange,https://github.com/FinanceDataReader/FinanceDataReader,reviewed,삼성전자 3개년 일별 주가 수집 검수 완료 데이터
2025-06-27,005930,삼성전자,005930,60100.0,61600.0,60000.0,60800.0,17340470,60800.0,KRW,exchange,https://github.com/FinanceDataReader/FinanceDataReader,reviewed,삼성전자 3개년 일별 주가 수집 검수 완료 데이터
2025-06-30,005930,삼성전자,005930,61200.0,61200.0,59800.0,59800.0,17110294,59800.0,KRW,exchange,https://github.com/FinanceDataReader/FinanceDataReader,reviewed,삼성전자 3개년 일별 주가 수집 검수 완료 데이터
2025-07-01,005930,삼성전자,005930,60400.0,61100.0,60200.0,60200.0,13650991,60200.0,KRW,exchange,https://github.com/FinanceDataReader/FinanceDataReader,reviewed,삼성전자 3개년 일별 주가 수집 검수 완료 데이터
2025-07-02,005930,삼성전자,005930,60200.0,60900.0,59800.0,60800.0,15047951,60800.0,KRW,exchange,https://github.com/FinanceDataReader/FinanceDataReader,reviewed,삼성전자 3개년 일별 주가 수집 검수 완료 데이터
2025-07-03,005930,삼성전자,005930,61300.0,63800.0,61100.0,63800.0,32040639,63800.0,KRW,exchange,https://github.com/FinanceDataReader/FinanceDataReader,reviewed,삼성전자 3개년 일별 주가 수집 검수 완료 데이터
2025-07-04,005930,삼성전자,005930,64700.0,64700.0,63000.0,63300.0,23748959,63300.0,KRW,exchange,https://github.com/FinanceDataReader/FinanceDataReader,reviewed,삼성전자 3개년 일별 주가 수집 검수 완료 데이터
2025-07-07,005930,삼성전자,005930,62900.0,63300.0,61700.0,61700.0,17164708,61700.0,KRW,exchange,https://github.com/FinanceDataReader/FinanceDataReader,reviewed,삼성전자 3개년 일별 주가 수집 검수 완료 데이터
2025-07-08,005930,삼성전자,005930,61600.0,62400.0,61000.0,61400.0,20213724,61400.0,KRW,exchange,https://github.com/FinanceDataReader/FinanceDataReader,reviewed,삼성전자 3개년 일별 주가 수집 검수 완료 데이터
2025-07-09,005930,삼성전자,005930,61400.0,61400.0,60200.0,60400.0,17533415,60400.0,KRW,exchange,https://github.com/FinanceDataReader/FinanceDataReader,reviewed,삼성전자 3개년 일별 주가 수집 검수 완료 데이터
2025-07-10,005930,삼성전자,005930,60600.0,61200.0,60400.0,61000.0,14768473,61000.0,KRW,exchange,https://github.com/FinanceDataReader/FinanceDataReader,reviewed,삼성전자 3개년 일별 주가 수집 검수 완료 데이터
2025-07-11,005930,삼성전자,005930,61300.0,62800.0,61200.0,62600.0,19140650,62600.0,KRW,exchange,https://github.com/FinanceDataReader/FinanceDataReader,reviewed,삼성전자 3개년 일별 주가 수집 검수 완료 데이터
2025-07-14,005930,삼성전자,005930,62300.0,62600.0,61800.0,62500.0,13563846,62500.0,KRW,exchange,https://github.com/FinanceDataReader/FinanceDataReader,reviewed,삼성전자 3개년 일별 주가 수집 검수 완료 데이터
2025-07-15,005930,삼성전자,005930,62300.0,63800.0,62000.0,63700.0,18442202,63700.0,KRW,exchange,https://github.com/FinanceDataReader/FinanceDataReader,reviewed,삼성전자 3개년 일별 주가 수집 검수 완료 데이터
2025-07-16,005930,삼성전자,005930,63700.0,64700.0,63100.0,64700.0,23042660,64700.0,KRW,exchange,https://github.com/FinanceDataReader/FinanceDataReader,reviewed,삼성전자 3개년 일별 주가 수집 검수 완료 데이터
2025-07-17,005930,삼성전자,005930,65900.0,66800.0,64400.0,66700.0,39448683,66700.0,KRW,exchange,https://github.com/FinanceDataReader/FinanceDataReader,reviewed,삼성전자 3개년 일별 주가 수집 검수 완료 데이터
2025-07-18,005930,삼성전자,005930,67000.0,67800.0,66300.0,67100.0,23951531,67100.0,KRW,exchange,https://github.com/FinanceDataReader/FinanceDataReader,reviewed,삼성전자 3개년 일별 주가 수집 검수 완료 데이터
2025-07-21,005930,삼성전자,005930,67400.0,68800.0,67200.0,67800.0,17723148,67800.0,KRW,exchange,https://github.com/FinanceDataReader/FinanceDataReader,reviewed,삼성전자 3개년 일별 주가 수집 검수 완료 데이터
2025-07-22,005930,삼성전자,005930,68100.0,68500.0,65600.0,66000.0,20829006,66000.0,KRW,exchange,https://github.com/FinanceDataReader/FinanceDataReader,reviewed,삼성전자 3개년 일별 주가 수집 검수 완료 데이터
2025-07-23,005930,삼성전자,005930,66200.0,66500.0,64900.0,66400.0,15687058,66400.0,KRW,exchange,https://github.com/FinanceDataReader/FinanceDataReader,reviewed,삼성전자 3개년 일별 주가 수집 검수 완료 데이터
2025-07-24,005930,삼성전자,005930,66500.0,66800.0,65900.0,66000.0,12660193,66000.0,KRW,exchange,https://github.com/FinanceDataReader/FinanceDataReader,reviewed,삼성전자 3개년 일별 주가 수집 검수 완료 데이터
2025-07-25,005930,삼성전자,005930,65700.0,66300.0,65500.0,65900.0,8080910,65900.0,KRW,exchange,https://github.com/FinanceDataReader/FinanceDataReader,reviewed,삼성전자 3개년 일별 주가 수집 검수 완료 데이터
2025-07-28,005930,삼성전자,005930,68200.0,70400.0,67200.0,70400.0,35332500,70400.0,KRW,exchange,https://github.com/FinanceDataReader/FinanceDataReader,reviewed,삼성전자 3개년 일별 주가 수집 검수 완료 데이터
2025-07-29,005930,삼성전자,005930,70800.0,70800.0,68800.0,70600.0,28190940,70600.0,KRW,exchange,https://github.com/FinanceDataReader/FinanceDataReader,reviewed,삼성전자 3개년 일별 주가 수집 검수 완료 데이터
2025-07-30,005930,삼성전자,005930,71000.0,73700.0,70600.0,72600.0,34761444,72600.0,KRW,exchange,https://github.com/FinanceDataReader/FinanceDataReader,reviewed,삼성전자 3개년 일별 주가 수집 검수 완료 데이터
2025-07-31,005930,삼성전자,005930,73000.0,74000.0,71000.0,71400.0,26568072,71400.0,KRW,exchange,https://github.com/FinanceDataReader/FinanceDataReader,reviewed,삼성전자 3개년 일별 주가 수집 검수 완료 데이터
2025-08-01,005930,삼성전자,005930,70200.0,72000.0,68800.0,68900.0,24038534,68900.0,KRW,exchange,https://github.com/FinanceDataReader/FinanceDataReader,reviewed,삼성전자 3개년 일별 주가 수집 검수 완료 데이터
2025-08-04,005930,삼성전자,005930,69500.0,70200.0,68700.0,69700.0,14780072,69700.0,KRW,exchange,https://github.com/FinanceDataReader/FinanceDataReader,reviewed,삼성전자 3개년 일별 주가 수집 검수 완료 데이터
2025-08-05,005930,삼성전자,005930,71000.0,71500.0,69700.0,69900.0,14392903,69900.0,KRW,exchange,https://github.com/FinanceDataReader/FinanceDataReader,reviewed,삼성전자 3개년 일별 주가 수집 검수 완료 데이터
2025-08-06,005930,삼성전자,005930,69200.0,69400.0,68300.0,68800.0,12542415,68800.0,KRW,exchange,https://github.com/FinanceDataReader/FinanceDataReader,reviewed,삼성전자 3개년 일별 주가 수집 검수 완료 데이터
2025-08-07,005930,삼성전자,005930,70800.0,71000.0,69700.0,70500.0,15008213,70500.0,KRW,exchange,https://github.com/FinanceDataReader/FinanceDataReader,reviewed,삼성전자 3개년 일별 주가 수집 검수 완료 데이터
2025-08-08,005930,삼성전자,005930,71000.0,72400.0,70700.0,71800.0,22241128,71800.0,KRW,exchange,https://github.com/FinanceDataReader/FinanceDataReader,reviewed,삼성전자 3개년 일별 주가 수집 검수 완료 데이터
2025-08-11,005930,삼성전자,005930,72000.0,72100.0,70800.0,71000.0,11354253,71000.0,KRW,exchange,https://github.com/FinanceDataReader/FinanceDataReader,reviewed,삼성전자 3개년 일별 주가 수집 검수 완료 데이터
2025-08-12,005930,삼성전자,005930,71100.0,72400.0,71100.0,71100.0,15797656,71100.0,KRW,exchange,https://github.com/FinanceDataReader/FinanceDataReader,reviewed,삼성전자 3개년 일별 주가 수집 검수 완료 데이터
2025-08-13,005930,삼성전자,005930,71900.0,72100.0,71400.0,71900.0,12305742,71900.0,KRW,exchange,https://github.com/FinanceDataReader/FinanceDataReader,reviewed,삼성전자 3개년 일별 주가 수집 검수 완료 데이터
2025-08-14,005930,삼성전자,005930,71900.0,71900.0,71200.0,71600.0,11946122,71600.0,KRW,exchange,https://github.com/FinanceDataReader/FinanceDataReader,reviewed,삼성전자 3개년 일별 주가 수집 검수 완료 데이터
2025-08-18,005930,삼성전자,005930,71100.0,71200.0,70000.0,70000.0,13595591,70000.0,KRW,exchange,https://github.com/FinanceDataReader/FinanceDataReader,reviewed,삼성전자 3개년 일별 주가 수집 검수 완료 데이터
2025-08-19,005930,삼성전자,005930,70400.0,70700.0,69700.0,70000.0,10533082,70000.0,KRW,exchange,https://github.com/FinanceDataReader/FinanceDataReader,reviewed,삼성전자 3개년 일별 주가 수집 검수 완료 데이터
2025-08-20,005930,삼성전자,005930,70100.0,70700.0,69400.0,70500.0,17445516,70500.0,KRW,exchange,https://github.com/FinanceDataReader/FinanceDataReader,reviewed,삼성전자 3개년 일별 주가 수집 검수 완료 데이터
2025-08-21,005930,삼성전자,005930,71500.0,71900.0,70600.0,70600.0,18843833,70600.0,KRW,exchange,https://github.com/FinanceDataReader/FinanceDataReader,reviewed,삼성전자 3개년 일별 주가 수집 검수 완료 데이터
2025-08-22,005930,삼성전자,005930,71700.0,71800.0,70800.0,71400.0,9277432,71400.0,KRW,exchange,https://github.com/FinanceDataReader/FinanceDataReader,reviewed,삼성전자 3개년 일별 주가 수집 검수 완료 데이터
2025-08-25,005930,삼성전자,005930,71700.0,71800.0,71000.0,71500.0,10345178,71500.0,KRW,exchange,https://github.com/FinanceDataReader/FinanceDataReader,reviewed,삼성전자 3개년 일별 주가 수집 검수 완료 데이터
2025-08-26,005930,삼성전자,005930,70800.0,71100.0,70300.0,70300.0,14712519,70300.0,KRW,exchange,https://github.com/FinanceDataReader/FinanceDataReader,reviewed,삼성전자 3개년 일별 주가 수집 검수 완료 데이터
2025-08-27,005930,삼성전자,005930,70100.0,70900.0,69800.0,70600.0,10523405,70600.0,KRW,exchange,https://github.com/FinanceDataReader/FinanceDataReader,reviewed,삼성전자 3개년 일별 주가 수집 검수 완료 데이터
2025-08-28,005930,삼성전자,005930,70100.0,70400.0,69600.0,69600.0,11578024,69600.0,KRW,exchange,https://github.com/FinanceDataReader/FinanceDataReader,reviewed,삼성전자 3개년 일별 주가 수집 검수 완료 데이터
2025-08-29,005930,삼성전자,005930,70100.0,70500.0,69700.0,69700.0,11682267,69700.0,KRW,exchange,https://github.com/FinanceDataReader/FinanceDataReader,reviewed,삼성전자 3개년 일별 주가 수집 검수 완료 데이터
2025-09-01,005930,삼성전자,005930,68400.0,68600.0,67500.0,67600.0,12002343,67600.0,KRW,exchange,https://github.com/FinanceDataReader/FinanceDataReader,reviewed,삼성전자 3개년 일별 주가 수집 검수 완료 데이터
2025-09-02,005930,삼성전자,005930,67800.0,69500.0,67800.0,69100.0,10604028,69100.0,KRW,exchange,https://github.com/FinanceDataReader/FinanceDataReader,reviewed,삼성전자 3개년 일별 주가 수집 검수 완료 데이터
2025-09-03,005930,삼성전자,005930,69200.0,69800.0,68800.0,69800.0,10283009,69800.0,KRW,exchange,https://github.com/FinanceDataReader/FinanceDataReader,reviewed,삼성전자 3개년 일별 주가 수집 검수 완료 데이터
2025-09-04,005930,삼성전자,005930,69500.0,70100.0,69300.0,70100.0,12284414,70100.0,KRW,exchange,https://github.com/FinanceDataReader/FinanceDataReader,reviewed,삼성전자 3개년 일별 주가 수집 검수 완료 데이터
2025-09-05,005930,삼성전자,005930,70300.0,70400.0,69500.0,69500.0,11526724,69500.0,KRW,exchange,https://github.com/FinanceDataReader/FinanceDataReader,reviewed,삼성전자 3개년 일별 주가 수집 검수 완료 데이터
2025-09-08,005930,삼성전자,005930,69800.0,70500.0,69600.0,70100.0,9263135,70100.0,KRW,exchange,https://github.com/FinanceDataReader/FinanceDataReader,reviewed,삼성전자 3개년 일별 주가 수집 검수 완료 데이터
2025-09-09,005930,삼성전자,005930,70100.0,71500.0,70000.0,71500.0,14870245,71500.0,KRW,exchange,https://github.com/FinanceDataReader/FinanceDataReader,reviewed,삼성전자 3개년 일별 주가 수집 검수 완료 데이터
2025-09-10,005930,삼성전자,005930,71800.0,72800.0,71600.0,72600.0,21928565,72600.0,KRW,exchange,https://github.com/FinanceDataReader/FinanceDataReader,reviewed,삼성전자 3개년 일별 주가 수집 검수 완료 데이터
2025-09-11,005930,삼성전자,005930,73200.0,73600.0,72100.0,73400.0,20793501,73400.0,KRW,exchange,https://github.com/FinanceDataReader/FinanceDataReader,reviewed,삼성전자 3개년 일별 주가 수집 검수 완료 데이터
2025-09-12,005930,삼성전자,005930,74600.0,75600.0,74200.0,75400.0,28219678,75400.0,KRW,exchange,https://github.com/FinanceDataReader/FinanceDataReader,reviewed,삼성전자 3개년 일별 주가 수집 검수 완료 데이터
2025-09-15,005930,삼성전자,005930,77200.0,77600.0,75900.0,76500.0,19908805,76500.0,KRW,exchange,https://github.com/FinanceDataReader/FinanceDataReader,reviewed,삼성전자 3개년 일별 주가 수집 검수 완료 데이터
2025-09-16,005930,삼성전자,005930,76900.0,79500.0,76700.0,79400.0,28218265,79400.0,KRW,exchange,https://github.com/FinanceDataReader/FinanceDataReader,reviewed,삼성전자 3개년 일별 주가 수집 검수 완료 데이터
2025-09-17,005930,삼성전자,005930,79100.0,79100.0,77100.0,78200.0,20856317,78200.0,KRW,exchange,https://github.com/FinanceDataReader/FinanceDataReader,reviewed,삼성전자 3개년 일별 주가 수집 검수 완료 데이터
2025-09-18,005930,삼성전자,005930,79100.0,80500.0,78600.0,80500.0,25619035,80500.0,KRW,exchange,https://github.com/FinanceDataReader/FinanceDataReader,reviewed,삼성전자 3개년 일별 주가 수집 검수 완료 데이터
2025-09-19,005930,삼성전자,005930,81100.0,81200.0,79600.0,79700.0,20898386,79700.0,KRW,exchange,https://github.com/FinanceDataReader/FinanceDataReader,reviewed,삼성전자 3개년 일별 주가 수집 검수 완료 데이터
2025-09-22,005930,삼성전자,005930,81500.0,84000.0,81100.0,83500.0,27529656,83500.0,KRW,exchange,https://github.com/FinanceDataReader/FinanceDataReader,reviewed,삼성전자 3개년 일별 주가 수집 검수 완료 데이터
2025-09-23,005930,삼성전자,005930,85800.0,85900.0,83600.0,84700.0,23610263,84700.0,KRW,exchange,https://github.com/FinanceDataReader/FinanceDataReader,reviewed,삼성전자 3개년 일별 주가 수집 검수 완료 데이터
2025-09-24,005930,삼성전자,005930,84200.0,85500.0,83700.0,85400.0,18300997,85400.0,KRW,exchange,https://github.com/FinanceDataReader/FinanceDataReader,reviewed,삼성전자 3개년 일별 주가 수집 검수 완료 데이터
2025-09-25,005930,삼성전자,005930,84400.0,86200.0,84100.0,86100.0,19665151,86100.0,KRW,exchange,https://github.com/FinanceDataReader/FinanceDataReader,reviewed,삼성전자 3개년 일별 주가 수집 검수 완료 데이터
2025-09-26,005930,삼성전자,005930,85000.0,85300.0,82400.0,83300.0,24071193,83300.0,KRW,exchange,https://github.com/FinanceDataReader/FinanceDataReader,reviewed,삼성전자 3개년 일별 주가 수집 검수 완료 데이터
2025-09-29,005930,삼성전자,005930,83300.0,85000.0,83200.0,84200.0,13069094,84200.0,KRW,exchange,https://github.com/FinanceDataReader/FinanceDataReader,reviewed,삼성전자 3개년 일별 주가 수집 검수 완료 데이터
2025-09-30,005930,삼성전자,005930,84600.0,84900.0,83400.0,83900.0,16319061,83900.0,KRW,exchange,https://github.com/FinanceDataReader/FinanceDataReader,reviewed,삼성전자 3개년 일별 주가 수집 검수 완료 데이터
2025-10-01,005930,삼성전자,005930,84900.0,86200.0,84700.0,86000.0,22039361,86000.0,KRW,exchange,https://github.com/FinanceDataReader/FinanceDataReader,reviewed,삼성전자 3개년 일별 주가 수집 검수 완료 데이터
2025-10-02,005930,삼성전자,005930,89300.0,90300.0,88700.0,89000.0,49883028,89000.0,KRW,exchange,https://github.com/FinanceDataReader/FinanceDataReader,reviewed,삼성전자 3개년 일별 주가 수집 검수 완료 데이터
2025-10-10,005930,삼성전자,005930,94000.0,94500.0,92700.0,94400.0,35269748,94400.0,KRW,exchange,https://github.com/FinanceDataReader/FinanceDataReader,reviewed,삼성전자 3개년 일별 주가 수집 검수 완료 데이터
2025-10-13,005930,삼성전자,005930,91300.0,93400.0,90700.0,93300.0,23883308,93300.0,KRW,exchange,https://github.com/FinanceDataReader/FinanceDataReader,reviewed,삼성전자 3개년 일별 주가 수집 검수 완료 데이터
2025-10-14,005930,삼성전자,005930,95300.0,96000.0,90200.0,91600.0,35545235,91600.0,KRW,exchange,https://github.com/FinanceDataReader/FinanceDataReader,reviewed,삼성전자 3개년 일별 주가 수집 검수 완료 데이터
2025-10-15,005930,삼성전자,005930,92300.0,95300.0,92100.0,95000.0,21050111,95000.0,KRW,exchange,https://github.com/FinanceDataReader/FinanceDataReader,reviewed,삼성전자 3개년 일별 주가 수집 검수 완료 데이터
2025-10-16,005930,삼성전자,005930,95300.0,97700.0,95000.0,97700.0,28141060,97700.0,KRW,exchange,https://github.com/FinanceDataReader/FinanceDataReader,reviewed,삼성전자 3개년 일별 주가 수집 검수 완료 데이터
2025-10-17,005930,삼성전자,005930,97200.0,99100.0,96700.0,97900.0,22730809,97900.0,KRW,exchange,https://github.com/FinanceDataReader/FinanceDataReader,reviewed,삼성전자 3개년 일별 주가 수집 검수 완료 데이터
2025-10-20,005930,삼성전자,005930,97900.0,98300.0,96000.0,98100.0,17589756,98100.0,KRW,exchange,https://github.com/FinanceDataReader/FinanceDataReader,reviewed,삼성전자 3개년 일별 주가 수집 검수 완료 데이터
2025-10-21,005930,삼성전자,005930,98500.0,99900.0,97300.0,97500.0,22803830,97500.0,KRW,exchange,https://github.com/FinanceDataReader/FinanceDataReader,reviewed,삼성전자 3개년 일별 주가 수집 검수 완료 데이터
2025-10-22,005930,삼성전자,005930,97100.0,98600.0,95500.0,98600.0,15937611,98600.0,KRW,exchange,https://github.com/FinanceDataReader/FinanceDataReader,reviewed,삼성전자 3개년 일별 주가 수집 검수 완료 데이터
2025-10-23,005930,삼성전자,005930,96800.0,98500.0,96300.0,96500.0,18488581,96500.0,KRW,exchange,https://github.com/FinanceDataReader/FinanceDataReader,reviewed,삼성전자 3개년 일별 주가 수집 검수 완료 데이터
2025-10-24,005930,삼성전자,005930,97900.0,99000.0,97700.0,98800.0,18801925,98800.0,KRW,exchange,https://github.com/FinanceDataReader/FinanceDataReader,reviewed,삼성전자 3개년 일별 주가 수집 검수 완료 데이터
2025-10-27,005930,삼성전자,005930,101300.0,102000.0,100600.0,102000.0,22169970,102000.0,KRW,exchange,https://github.com/FinanceDataReader/FinanceDataReader,reviewed,삼성전자 3개년 일별 주가 수집 검수 완료 데이터
2025-10-28,005930,삼성전자,005930,100900.0,101000.0,99100.0,99500.0,20002282,99500.0,KRW,exchange,https://github.com/FinanceDataReader/FinanceDataReader,reviewed,삼성전자 3개년 일별 주가 수집 검수 완료 데이터
2025-10-29,005930,삼성전자,005930,100200.0,101000.0,99100.0,100500.0,20899788,100500.0,KRW,exchange,https://github.com/FinanceDataReader/FinanceDataReader,reviewed,삼성전자 3개년 일별 주가 수집 검수 완료 데이터
2025-10-30,005930,삼성전자,005930,102400.0,105800.0,102000.0,104100.0,34570017,104100.0,KRW,exchange,https://github.com/FinanceDataReader/FinanceDataReader,reviewed,삼성전자 3개년 일별 주가 수집 검수 완료 데이터
2025-10-31,005930,삼성전자,005930,105000.0,108600.0,103300.0,107500.0,54824564,107500.0,KRW,exchange,https://github.com/FinanceDataReader/FinanceDataReader,reviewed,삼성전자 3개년 일별 주가 수집 검수 완료 데이터
2025-11-03,005930,삼성전자,005930,106900.0,111500.0,106500.0,111100.0,30110066,111100.0,KRW,exchange,https://github.com/FinanceDataReader/FinanceDataReader,reviewed,삼성전자 3개년 일별 주가 수집 검수 완료 데이터
2025-11-04,005930,삼성전자,005930,111800.0,112400.0,104900.0,104900.0,30450281,104900.0,KRW,exchange,https://github.com/FinanceDataReader/FinanceDataReader,reviewed,삼성전자 3개년 일별 주가 수집 검수 완료 데이터
2025-11-05,005930,삼성전자,005930,101000.0,102000.0,96700.0,100600.0,44843020,100600.0,KRW,exchange,https://github.com/FinanceDataReader/FinanceDataReader,reviewed,삼성전자 3개년 일별 주가 수집 검수 완료 데이터
2025-11-06,005930,삼성전자,005930,103700.0,103800.0,98800.0,99200.0,28655689,99200.0,KRW,exchange,https://github.com/FinanceDataReader/FinanceDataReader,reviewed,삼성전자 3개년 일별 주가 수집 검수 완료 데이터
2025-11-07,005930,삼성전자,005930,96400.0,100300.0,96300.0,97900.0,22908083,97900.0,KRW,exchange,https://github.com/FinanceDataReader/FinanceDataReader,reviewed,삼성전자 3개년 일별 주가 수집 검수 완료 데이터
2025-11-10,005930,삼성전자,005930,98600.0,101000.0,97900.0,100600.0,23842327,100600.0,KRW,exchange,https://github.com/FinanceDataReader/FinanceDataReader,reviewed,삼성전자 3개년 일별 주가 수집 검수 완료 데이터
2025-11-11,005930,삼성전자,005930,103700.0,106000.0,102000.0,103500.0,27742542,103500.0,KRW,exchange,https://github.com/FinanceDataReader/FinanceDataReader,reviewed,삼성전자 3개년 일별 주가 수집 검수 완료 데이터
2025-11-12,005930,삼성전자,005930,103000.0,103900.0,101600.0,103100.0,19413497,103100.0,KRW,exchange,https://github.com/FinanceDataReader/FinanceDataReader,reviewed,삼성전자 3개년 일별 주가 수집 검수 완료 데이터
2025-11-13,005930,삼성전자,005930,102500.0,104200.0,102300.0,102800.0,20838741,102800.0,KRW,exchange,https://github.com/FinanceDataReader/FinanceDataReader,reviewed,삼성전자 3개년 일별 주가 수집 검수 완료 데이터
2025-11-14,005930,삼성전자,005930,99000.0,99600.0,97200.0,97200.0,21806342,97200.0,KRW,exchange,https://github.com/FinanceDataReader/FinanceDataReader,reviewed,삼성전자 3개년 일별 주가 수집 검수 완료 데이터
2025-11-17,005930,삼성전자,005930,99800.0,101000.0,99500.0,100600.0,17192584,100600.0,KRW,exchange,https://github.com/FinanceDataReader/FinanceDataReader,reviewed,삼성전자 3개년 일별 주가 수집 검수 완료 데이터
2025-11-18,005930,삼성전자,005930,99800.0,100900.0,97500.0,97800.0,18684068,97800.0,KRW,exchange,https://github.com/FinanceDataReader/FinanceDataReader,reviewed,삼성전자 3개년 일별 주가 수집 검수 완료 데이터
2025-11-19,005930,삼성전자,005930,97100.0,97500.0,94600.0,96500.0,18993346,96500.0,KRW,exchange,https://github.com/FinanceDataReader/FinanceDataReader,reviewed,삼성전자 3개년 일별 주가 수집 검수 완료 데이터
2025-11-20,005930,삼성전자,005930,100900.0,102900.0,99500.0,100600.0,25360435,100600.0,KRW,exchange,https://github.com/FinanceDataReader/FinanceDataReader,reviewed,삼성전자 3개년 일별 주가 수집 검수 완료 데이터
2025-11-21,005930,삼성전자,005930,95600.0,96800.0,94500.0,94800.0,23103574,94800.0,KRW,exchange,https://github.com/FinanceDataReader/FinanceDataReader,reviewed,삼성전자 3개년 일별 주가 수집 검수 완료 데이터
2025-11-24,005930,삼성전자,005930,97800.0,99000.0,96200.0,96700.0,29831172,96700.0,KRW,exchange,https://github.com/FinanceDataReader/FinanceDataReader,reviewed,삼성전자 3개년 일별 주가 수집 검수 완료 데이터
2025-11-25,005930,삼성전자,005930,101400.0,101400.0,97800.0,99300.0,16110054,99300.0,KRW,exchange,https://github.com/FinanceDataReader/FinanceDataReader,reviewed,삼성전자 3개년 일별 주가 수집 검수 완료 데이터
2025-11-26,005930,삼성전자,005930,100500.0,102900.0,99300.0,102800.0,21314975,102800.0,KRW,exchange,https://github.com/FinanceDataReader/FinanceDataReader,reviewed,삼성전자 3개년 일별 주가 수집 검수 완료 데이터
2025-11-27,005930,삼성전자,005930,104100.0,105500.0,102700.0,103500.0,16453004,103500.0,KRW,exchange,https://github.com/FinanceDataReader/FinanceDataReader,reviewed,삼성전자 3개년 일별 주가 수집 검수 완료 데이터
2025-11-28,005930,삼성전자,005930,103800.0,103800.0,100500.0,100500.0,15292277,100500.0,KRW,exchange,https://github.com/FinanceDataReader/FinanceDataReader,reviewed,삼성전자 3개년 일별 주가 수집 검수 완료 데이터
2025-12-01,005930,삼성전자,005930,102000.0,102800.0,99900.0,100800.0,10905526,100800.0,KRW,exchange,https://github.com/FinanceDataReader/FinanceDataReader,reviewed,삼성전자 3개년 일별 주가 수집 검수 완료 데이터
2025-12-02,005930,삼성전자,005930,101200.0,103500.0,101000.0,103400.0,13649487,103400.0,KRW,exchange,https://github.com/FinanceDataReader/FinanceDataReader,reviewed,삼성전자 3개년 일별 주가 수집 검수 완료 데이터
2025-12-03,005930,삼성전자,005930,104700.0,105500.0,104000.0,104500.0,14697927,104500.0,KRW,exchange,https://github.com/FinanceDataReader/FinanceDataReader,reviewed,삼성전자 3개년 일별 주가 수집 검수 완료 데이터
2025-12-04,005930,삼성전자,005930,103900.0,105100.0,103200.0,105100.0,11931145,105100.0,KRW,exchange,https://github.com/FinanceDataReader/FinanceDataReader,reviewed,삼성전자 3개년 일별 주가 수집 검수 완료 데이터
2025-12-05,005930,삼성전자,005930,105300.0,108400.0,104600.0,108400.0,19755571,108400.0,KRW,exchange,https://github.com/FinanceDataReader/FinanceDataReader,reviewed,삼성전자 3개년 일별 주가 수집 검수 완료 데이터
2025-12-08,005930,삼성전자,005930,109700.0,110000.0,108000.0,109500.0,15527762,109500.0,KRW,exchange,https://github.com/FinanceDataReader/FinanceDataReader,reviewed,삼성전자 3개년 일별 주가 수집 검수 완료 데이터
2025-12-09,005930,삼성전자,005930,108900.0,109400.0,107300.0,108400.0,13671800,108400.0,KRW,exchange,https://github.com/FinanceDataReader/FinanceDataReader,reviewed,삼성전자 3개년 일별 주가 수집 검수 완료 데이터
2025-12-10,005930,삼성전자,005930,108300.0,109800.0,107400.0,108000.0,12365092,108000.0,KRW,exchange,https://github.com/FinanceDataReader/FinanceDataReader,reviewed,삼성전자 3개년 일별 주가 수집 검수 완료 데이터
2025-12-11,005930,삼성전자,005930,109200.0,110500.0,107300.0,107300.0,22994507,107300.0,KRW,exchange,https://github.com/FinanceDataReader/FinanceDataReader,reviewed,삼성전자 3개년 일별 주가 수집 검수 완료 데이터
2025-12-12,005930,삼성전자,005930,107100.0,108900.0,106800.0,108900.0,14210314,108900.0,KRW,exchange,https://github.com/FinanceDataReader/FinanceDataReader,reviewed,삼성전자 3개년 일별 주가 수집 검수 완료 데이터
2025-12-15,005930,삼성전자,005930,105300.0,105800.0,104600.0,104800.0,20594654,104800.0,KRW,exchange,https://github.com/FinanceDataReader/FinanceDataReader,reviewed,삼성전자 3개년 일별 주가 수집 검수 완료 데이터
2025-12-16,005930,삼성전자,005930,104900.0,105600.0,102700.0,102800.0,18852079,102800.0,KRW,exchange,https://github.com/FinanceDataReader/FinanceDataReader,reviewed,삼성전자 3개년 일별 주가 수집 검수 완료 데이터
2025-12-17,005930,삼성전자,005930,103500.0,108100.0,103400.0,107900.0,22297611,107900.0,KRW,exchange,https://github.com/FinanceDataReader/FinanceDataReader,reviewed,삼성전자 3개년 일별 주가 수집 검수 완료 데이터
2025-12-18,005930,삼성전자,005930,106400.0,108200.0,105700.0,107600.0,20445631,107600.0,KRW,exchange,https://github.com/FinanceDataReader/FinanceDataReader,reviewed,삼성전자 3개년 일별 주가 수집 검수 완료 데이터
2025-12-19,005930,삼성전자,005930,109700.0,109700.0,106200.0,106300.0,25917098,106300.0,KRW,exchange,https://github.com/FinanceDataReader/FinanceDataReader,reviewed,삼성전자 3개년 일별 주가 수집 검수 완료 데이터
2025-12-22,005930,삼성전자,005930,109700.0,110500.0,109300.0,110500.0,24859171,110500.0,KRW,exchange,https://github.com/FinanceDataReader/FinanceDataReader,reviewed,삼성전자 3개년 일별 주가 수집 검수 완료 데이터
2025-12-23,005930,삼성전자,005930,110900.0,112500.0,110400.0,111500.0,20419187,111500.0,KRW,exchange,https://github.com/FinanceDataReader/FinanceDataReader,reviewed,삼성전자 3개년 일별 주가 수집 검수 완료 데이터
2025-12-24,005930,삼성전자,005930,112400.0,112400.0,110900.0,111100.0,12492939,111100.0,KRW,exchange,https://github.com/FinanceDataReader/FinanceDataReader,reviewed,삼성전자 3개년 일별 주가 수집 검수 완료 데이터
2025-12-26,005930,삼성전자,005930,112400.0,117000.0,112400.0,117000.0,34018174,117000.0,KRW,exchange,https://github.com/FinanceDataReader/FinanceDataReader,reviewed,삼성전자 3개년 일별 주가 수집 검수 완료 데이터
2025-12-29,005930,삼성전자,005930,119400.0,119700.0,118200.0,119500.0,19676004,119500.0,KRW,exchange,https://github.com/FinanceDataReader/FinanceDataReader,reviewed,삼성전자 3개년 일별 주가 수집 검수 완료 데이터
2025-12-30,005930,삼성전자,005930,119100.0,121200.0,118700.0,119900.0,19746349,119900.0,KRW,exchange,https://github.com/FinanceDataReader/FinanceDataReader,reviewed,삼성전자 3개년 일별 주가 수집 검수 완료 데이터
2026-01-02,005930,삼성전자,005930,120200.0,128500.0,120200.0,128500.0,30463279,128500.0,KRW,exchange,https://github.com/FinanceDataReader/FinanceDataReader,reviewed,삼성전자 3개년 일별 주가 수집 검수 완료 데이터
2026-01-05,005930,삼성전자,005930,134600.0,138600.0,133600.0,138100.0,42863376,138100.0,KRW,exchange,https://github.com/FinanceDataReader/FinanceDataReader,reviewed,삼성전자 3개년 일별 주가 수집 검수 완료 데이터
2026-01-06,005930,삼성전자,005930,135300.0,139300.0,132700.0,138900.0,45321341,138900.0,KRW,exchange,https://github.com/FinanceDataReader/FinanceDataReader,reviewed,삼성전자 3개년 일별 주가 수집 검수 완료 데이터
2026-01-07,005930,삼성전자,005930,143500.0,144400.0,137600.0,141000.0,46317413,141000.0,KRW,exchange,https://github.com/FinanceDataReader/FinanceDataReader,reviewed,삼성전자 3개년 일별 주가 수집 검수 완료 데이터
2026-01-08,005930,삼성전자,005930,138300.0,144500.0,138300.0,138800.0,41449329,138800.0,KRW,exchange,https://github.com/FinanceDataReader/FinanceDataReader,reviewed,삼성전자 3개년 일별 주가 수집 검수 완료 데이터
2026-01-09,005930,삼성전자,005930,136000.0,140700.0,135200.0,139000.0,29520566,139000.0,KRW,exchange,https://github.com/FinanceDataReader/FinanceDataReader,reviewed,삼성전자 3개년 일별 주가 수집 검수 완료 데이터
2026-01-12,005930,삼성전자,005930,141000.0,142000.0,136900.0,138800.0,26271134,138800.0,KRW,exchange,https://github.com/FinanceDataReader/FinanceDataReader,reviewed,삼성전자 3개년 일별 주가 수집 검수 완료 데이터
2026-01-13,005930,삼성전자,005930,139800.0,140200.0,136900.0,137600.0,22384699,137600.0,KRW,exchange,https://github.com/FinanceDataReader/FinanceDataReader,reviewed,삼성전자 3개년 일별 주가 수집 검수 완료 데이터
2026-01-14,005930,삼성전자,005930,137000.0,140300.0,136800.0,140300.0,18444394,140300.0,KRW,exchange,https://github.com/FinanceDataReader/FinanceDataReader,reviewed,삼성전자 3개년 일별 주가 수집 검수 완료 데이터
2026-01-15,005930,삼성전자,005930,139000.0,144000.0,138300.0,143900.0,24701126,143900.0,KRW,exchange,https://github.com/FinanceDataReader/FinanceDataReader,reviewed,삼성전자 3개년 일별 주가 수집 검수 완료 데이터
2026-01-16,005930,삼성전자,005930,145300.0,149500.0,144300.0,148900.0,30000219,148900.0,KRW,exchange,https://github.com/FinanceDataReader/FinanceDataReader,reviewed,삼성전자 3개년 일별 주가 수집 검수 완료 데이터
2026-01-19,005930,삼성전자,005930,147200.0,150600.0,146600.0,149300.0,22762497,149300.0,KRW,exchange,https://github.com/FinanceDataReader/FinanceDataReader,reviewed,삼성전자 3개년 일별 주가 수집 검수 완료 데이터
2026-01-20,005930,삼성전자,005930,148500.0,149300.0,143900.0,145200.0,24059218,145200.0,KRW,exchange,https://github.com/FinanceDataReader/FinanceDataReader,reviewed,삼성전자 3개년 일별 주가 수집 검수 완료 데이터
2026-01-21,005930,삼성전자,005930,141900.0,149800.0,141800.0,149500.0,31703610,149500.0,KRW,exchange,https://github.com/FinanceDataReader/FinanceDataReader,reviewed,삼성전자 3개년 일별 주가 수집 검수 완료 데이터
2026-01-22,005930,삼성전자,005930,155000.0,157000.0,150800.0,152300.0,32073624,152300.0,KRW,exchange,https://github.com/FinanceDataReader/FinanceDataReader,reviewed,삼성전자 3개년 일별 주가 수집 검수 완료 데이터
2026-01-23,005930,삼성전자,005930,154700.0,156000.0,150100.0,152100.0,25407497,152100.0,KRW,exchange,https://github.com/FinanceDataReader/FinanceDataReader,reviewed,삼성전자 3개년 일별 주가 수집 검수 완료 데이터
2026-01-26,005930,삼성전자,005930,154900.0,156400.0,151500.0,152100.0,20561689,152100.0,KRW,exchange,https://github.com/FinanceDataReader/FinanceDataReader,reviewed,삼성전자 3개년 일별 주가 수집 검수 완료 데이터
2026-01-27,005930,삼성전자,005930,150500.0,159500.0,149200.0,159500.0,29423670,159500.0,KRW,exchange,https://github.com/FinanceDataReader/FinanceDataReader,reviewed,삼성전자 3개년 일별 주가 수집 검수 완료 데이터
2026-01-28,005930,삼성전자,005930,162600.0,163300.0,160200.0,162400.0,29456431,162400.0,KRW,exchange,https://github.com/FinanceDataReader/FinanceDataReader,reviewed,삼성전자 3개년 일별 주가 수집 검수 완료 데이터
2026-01-29,005930,삼성전자,005930,166200.0,166600.0,157100.0,160700.0,36087223,160700.0,KRW,exchange,https://github.com/FinanceDataReader/FinanceDataReader,reviewed,삼성전자 3개년 일별 주가 수집 검수 완료 데이터
2026-01-30,005930,삼성전자,005930,160100.0,166500.0,160100.0,160500.0,40557267,160500.0,KRW,exchange,https://github.com/FinanceDataReader/FinanceDataReader,reviewed,삼성전자 3개년 일별 주가 수집 검수 완료 데이터
2026-02-02,005930,삼성전자,005930,155700.0,159600.0,150400.0,150400.0,39748369,150400.0,KRW,exchange,https://github.com/FinanceDataReader/FinanceDataReader,reviewed,삼성전자 3개년 일별 주가 수집 검수 완료 데이터
2026-02-03,005930,삼성전자,005930,157900.0,167500.0,157200.0,167500.0,36529813,167500.0,KRW,exchange,https://github.com/FinanceDataReader/FinanceDataReader,reviewed,삼성전자 3개년 일별 주가 수집 검수 완료 데이터
2026-02-04,005930,삼성전자,005930,163500.0,169400.0,163100.0,169100.0,29943042,169100.0,KRW,exchange,https://github.com/FinanceDataReader/FinanceDataReader,reviewed,삼성전자 3개년 일별 주가 수집 검수 완료 데이터
2026-02-05,005930,삼성전자,005930,162000.0,164000.0,158500.0,159300.0,38435228,159300.0,KRW,exchange,https://github.com/FinanceDataReader/FinanceDataReader,reviewed,삼성전자 3개년 일별 주가 수집 검수 완료 데이터
2026-02-06,005930,삼성전자,005930,154100.0,160300.0,151600.0,158600.0,36358081,158600.0,KRW,exchange,https://github.com/FinanceDataReader/FinanceDataReader,reviewed,삼성전자 3개년 일별 주가 수집 검수 완료 데이터
2026-02-09,005930,삼성전자,005930,168600.0,168700.0,165000.0,166400.0,25098971,166400.0,KRW,exchange,https://github.com/FinanceDataReader/FinanceDataReader,reviewed,삼성전자 3개년 일별 주가 수집 검수 완료 데이터
2026-02-10,005930,삼성전자,005930,167400.0,168100.0,165500.0,165800.0,19369566,165800.0,KRW,exchange,https://github.com/FinanceDataReader/FinanceDataReader,reviewed,삼성전자 3개년 일별 주가 수집 검수 완료 데이터
2026-02-11,005930,삼성전자,005930,164000.0,168600.0,162000.0,167800.0,22760242,167800.0,KRW,exchange,https://github.com/FinanceDataReader/FinanceDataReader,reviewed,삼성전자 3개년 일별 주가 수집 검수 완료 데이터
2026-02-12,005930,삼성전자,005930,171200.0,179600.0,170100.0,178600.0,41296011,178600.0,KRW,exchange,https://github.com/FinanceDataReader/FinanceDataReader,reviewed,삼성전자 3개년 일별 주가 수집 검수 완료 데이터
2026-02-13,005930,삼성전자,005930,179500.0,184400.0,178900.0,181200.0,34454192,181200.0,KRW,exchange,https://github.com/FinanceDataReader/FinanceDataReader,reviewed,삼성전자 3개년 일별 주가 수집 검수 완료 데이터
2026-02-19,005930,삼성전자,005930,188000.0,190900.0,187100.0,190000.0,27049388,190000.0,KRW,exchange,https://github.com/FinanceDataReader/FinanceDataReader,reviewed,삼성전자 3개년 일별 주가 수집 검수 완료 데이터
2026-02-20,005930,삼성전자,005930,190000.0,190300.0,188600.0,190100.0,24213880,190100.0,KRW,exchange,https://github.com/FinanceDataReader/FinanceDataReader,reviewed,삼성전자 3개년 일별 주가 수집 검수 완료 데이터
2026-02-23,005930,삼성전자,005930,194400.0,197600.0,190500.0,193000.0,26364684,193000.0,KRW,exchange,https://github.com/FinanceDataReader/FinanceDataReader,reviewed,삼성전자 3개년 일별 주가 수집 검수 완료 데이터
2026-02-24,005930,삼성전자,005930,193000.0,200000.0,192000.0,200000.0,28060617,200000.0,KRW,exchange,https://github.com/FinanceDataReader/FinanceDataReader,reviewed,삼성전자 3개년 일별 주가 수집 검수 완료 데이터
2026-02-25,005930,삼성전자,005930,202500.0,206000.0,201000.0,203500.0,26987996,203500.0,KRW,exchange,https://github.com/FinanceDataReader/FinanceDataReader,reviewed,삼성전자 3개년 일별 주가 수집 검수 완료 데이터
2026-02-26,005930,삼성전자,005930,206500.0,219000.0,206000.0,218000.0,30095763,218000.0,KRW,exchange,https://github.com/FinanceDataReader/FinanceDataReader,reviewed,삼성전자 3개년 일별 주가 수집 검수 완료 데이터
2026-02-27,005930,삼성전자,005930,210000.0,223000.0,210000.0,216500.0,51774768,216500.0,KRW,exchange,https://github.com/FinanceDataReader/FinanceDataReader,reviewed,삼성전자 3개년 일별 주가 수집 검수 완료 데이터
2026-03-03,005930,삼성전자,005930,209500.0,212500.0,195100.0,195100.0,54879010,195100.0,KRW,exchange,https://github.com/FinanceDataReader/FinanceDataReader,reviewed,삼성전자 3개년 일별 주가 수집 검수 완료 데이터
2026-03-04,005930,삼성전자,005930,184200.0,195900.0,171900.0,172200.0,89427954,172200.0,KRW,exchange,https://github.com/FinanceDataReader/FinanceDataReader,reviewed,삼성전자 3개년 일별 주가 수집 검수 완료 데이터
2026-03-05,005930,삼성전자,005930,195000.0,199700.0,188100.0,191600.0,53959129,191600.0,KRW,exchange,https://github.com/FinanceDataReader/FinanceDataReader,reviewed,삼성전자 3개년 일별 주가 수집 검수 완료 데이터
2026-03-06,005930,삼성전자,005930,186100.0,189700.0,181000.0,188200.0,29522650,188200.0,KRW,exchange,https://github.com/FinanceDataReader/FinanceDataReader,reviewed,삼성전자 3개년 일별 주가 수집 검수 완료 데이터
2026-03-09,005930,삼성전자,005930,173500.0,175500.0,167300.0,173500.0,43066020,173500.0,KRW,exchange,https://github.com/FinanceDataReader/FinanceDataReader,reviewed,삼성전자 3개년 일별 주가 수집 검수 완료 데이터
2026-03-10,005930,삼성전자,005930,187600.0,191500.0,184300.0,187900.0,33530170,187900.0,KRW,exchange,https://github.com/FinanceDataReader/FinanceDataReader,reviewed,삼성전자 3개년 일별 주가 수집 검수 완료 데이터
2026-03-11,005930,삼성전자,005930,193000.0,194800.0,187700.0,190000.0,24311356,190000.0,KRW,exchange,https://github.com/FinanceDataReader/FinanceDataReader,reviewed,삼성전자 3개년 일별 주가 수집 검수 완료 데이터
2026-03-12,005930,삼성전자,005930,186600.0,190000.0,185900.0,187900.0,20440753,187900.0,KRW,exchange,https://github.com/FinanceDataReader/FinanceDataReader,reviewed,삼성전자 3개년 일별 주가 수집 검수 완료 데이터
2026-03-13,005930,삼성전자,005930,180000.0,186200.0,179900.0,183500.0,19566331,183500.0,KRW,exchange,https://github.com/FinanceDataReader/FinanceDataReader,reviewed,삼성전자 3개년 일별 주가 수집 검수 완료 데이터
2026-03-16,005930,삼성전자,005930,184600.0,189000.0,183600.0,188700.0,19747901,188700.0,KRW,exchange,https://github.com/FinanceDataReader/FinanceDataReader,reviewed,삼성전자 3개년 일별 주가 수집 검수 완료 데이터
2026-03-17,005930,삼성전자,005930,198000.0,198000.0,193100.0,193900.0,20300082,193900.0,KRW,exchange,https://github.com/FinanceDataReader/FinanceDataReader,reviewed,삼성전자 3개년 일별 주가 수집 검수 완료 데이터
2026-03-18,005930,삼성전자,005930,200500.0,209000.0,199700.0,208500.0,25148481,208500.0,KRW,exchange,https://github.com/FinanceDataReader/FinanceDataReader,reviewed,삼성전자 3개년 일별 주가 수집 검수 완료 데이터
2026-03-19,005930,삼성전자,005930,199900.0,205000.0,199600.0,200500.0,19884483,200500.0,KRW,exchange,https://github.com/FinanceDataReader/FinanceDataReader,reviewed,삼성전자 3개년 일별 주가 수집 검수 완료 데이터
2026-03-20,005930,삼성전자,005930,202000.0,202500.0,199000.0,199400.0,35279762,199400.0,KRW,exchange,https://github.com/FinanceDataReader/FinanceDataReader,reviewed,삼성전자 3개년 일별 주가 수집 검수 완료 데이터
2026-03-23,005930,삼성전자,005930,190500.0,191200.0,186300.0,186300.0,30268173,186300.0,KRW,exchange,https://github.com/FinanceDataReader/FinanceDataReader,reviewed,삼성전자 3개년 일별 주가 수집 검수 완료 데이터
2026-03-24,005930,삼성전자,005930,195500.0,196000.0,185500.0,189700.0,25458914,189700.0,KRW,exchange,https://github.com/FinanceDataReader/FinanceDataReader,reviewed,삼성전자 3개년 일별 주가 수집 검수 완료 데이터
2026-03-25,005930,삼성전자,005930,193700.0,196400.0,189000.0,189000.0,22995904,189000.0,KRW,exchange,https://github.com/FinanceDataReader/FinanceDataReader,reviewed,삼성전자 3개년 일별 주가 수집 검수 완료 데이터
2026-03-26,005930,삼성전자,005930,185500.0,185900.0,178900.0,180100.0,32074131,180100.0,KRW,exchange,https://github.com/FinanceDataReader/FinanceDataReader,reviewed,삼성전자 3개년 일별 주가 수집 검수 완료 데이터
2026-03-27,005930,삼성전자,005930,172100.0,181700.0,172000.0,179700.0,29138966,179700.0,KRW,exchange,https://github.com/FinanceDataReader/FinanceDataReader,reviewed,삼성전자 3개년 일별 주가 수집 검수 완료 데이터
2026-03-30,005930,삼성전자,005930,171000.0,176650.0,170600.0,176300.0,22269147,176300.0,KRW,exchange,https://github.com/FinanceDataReader/FinanceDataReader,reviewed,삼성전자 3개년 일별 주가 수집 검수 완료 데이터
2026-03-31,005930,삼성전자,005930,170000.0,174700.0,167000.0,167200.0,38659593,167200.0,KRW,exchange,https://github.com/FinanceDataReader/FinanceDataReader,reviewed,삼성전자 3개년 일별 주가 수집 검수 완료 데이터
2026-04-01,005930,삼성전자,005930,179000.0,190800.0,178000.0,189600.0,32390251,189600.0,KRW,exchange,https://github.com/FinanceDataReader/FinanceDataReader,reviewed,삼성전자 3개년 일별 주가 수집 검수 완료 데이터
2026-04-02,005930,삼성전자,005930,192600.0,193600.0,175000.0,178400.0,38615231,178400.0,KRW,exchange,https://github.com/FinanceDataReader/FinanceDataReader,reviewed,삼성전자 3개년 일별 주가 수집 검수 완료 데이터
2026-04-03,005930,삼성전자,005930,184200.0,187200.0,182700.0,186200.0,20194447,186200.0,KRW,exchange,https://github.com/FinanceDataReader/FinanceDataReader,reviewed,삼성전자 3개년 일별 주가 수집 검수 완료 데이터
2026-04-06,005930,삼성전자,005930,190900.0,194600.0,190100.0,193100.0,20635958,193100.0,KRW,exchange,https://github.com/FinanceDataReader/FinanceDataReader,reviewed,삼성전자 3개년 일별 주가 수집 검수 완료 데이터
2026-04-07,005930,삼성전자,005930,202000.0,202500.0,192400.0,196500.0,30848053,196500.0,KRW,exchange,https://github.com/FinanceDataReader/FinanceDataReader,reviewed,삼성전자 3개년 일별 주가 수집 검수 완료 데이터
2026-04-08,005930,삼성전자,005930,214000.0,214500.0,207500.0,210500.0,35890973,210500.0,KRW,exchange,https://github.com/FinanceDataReader/FinanceDataReader,reviewed,삼성전자 3개년 일별 주가 수집 검수 완료 데이터
2026-04-09,005930,삼성전자,005930,207000.0,207500.0,202000.0,204000.0,42320839,204000.0,KRW,exchange,https://github.com/FinanceDataReader/FinanceDataReader,reviewed,삼성전자 3개년 일별 주가 수집 검수 완료 데이터
2026-04-10,005930,삼성전자,005930,208500.0,211000.0,205500.0,206000.0,18244459,206000.0,KRW,exchange,https://github.com/FinanceDataReader/FinanceDataReader,reviewed,삼성전자 3개년 일별 주가 수집 검수 완료 데이터
2026-04-13,005930,삼성전자,005930,198200.0,203000.0,198200.0,201000.0,19603415,201000.0,KRW,exchange,https://github.com/FinanceDataReader/FinanceDataReader,reviewed,삼성전자 3개년 일별 주가 수집 검수 완료 데이터
2026-04-14,005930,삼성전자,005930,208000.0,210000.0,205500.0,206500.0,23672078,206500.0,KRW,exchange,https://github.com/FinanceDataReader/FinanceDataReader,reviewed,삼성전자 3개년 일별 주가 수집 검수 완료 데이터
2026-04-15,005930,삼성전자,005930,215000.0,215500.0,210000.0,211000.0,24092884,211000.0,KRW,exchange,https://github.com/FinanceDataReader/FinanceDataReader,reviewed,삼성전자 3개년 일별 주가 수집 검수 완료 데이터
2026-04-16,005930,삼성전자,005930,212000.0,218000.0,210500.0,217500.0,21499788,217500.0,KRW,exchange,https://github.com/FinanceDataReader/FinanceDataReader,reviewed,삼성전자 3개년 일별 주가 수집 검수 완료 데이터
2026-04-17,005930,삼성전자,005930,217000.0,218000.0,215000.0,216000.0,18079322,216000.0,KRW,exchange,https://github.com/FinanceDataReader/FinanceDataReader,reviewed,삼성전자 3개년 일별 주가 수집 검수 완료 데이터
2026-04-20,005930,삼성전자,005930,214500.0,219000.0,213000.0,214500.0,17107741,214500.0,KRW,exchange,https://github.com/FinanceDataReader/FinanceDataReader,reviewed,삼성전자 3개년 일별 주가 수집 검수 완료 데이터
2026-04-21,005930,삼성전자,005930,218000.0,220000.0,216000.0,219000.0,16752132,219000.0,KRW,exchange,https://github.com/FinanceDataReader/FinanceDataReader,reviewed,삼성전자 3개년 일별 주가 수집 검수 완료 데이터
2026-04-22,005930,삼성전자,005930,218500.0,222500.0,215500.0,217500.0,16823480,217500.0,KRW,exchange,https://github.com/FinanceDataReader/FinanceDataReader,reviewed,삼성전자 3개년 일별 주가 수집 검수 완료 데이터
2026-04-23,005930,삼성전자,005930,223000.0,229500.0,216000.0,224500.0,34525485,224500.0,KRW,exchange,https://github.com/FinanceDataReader/FinanceDataReader,reviewed,삼성전자 3개년 일별 주가 수집 검수 완료 데이터
2026-04-24,005930,삼성전자,005930,224000.0,225000.0,216500.0,219500.0,19626666,219500.0,KRW,exchange,https://github.com/FinanceDataReader/FinanceDataReader,reviewed,삼성전자 3개년 일별 주가 수집 검수 완료 데이터
2026-04-27,005930,삼성전자,005930,220000.0,226000.0,218500.0,224500.0,22870374,224500.0,KRW,exchange,https://github.com/FinanceDataReader/FinanceDataReader,reviewed,삼성전자 3개년 일별 주가 수집 검수 완료 데이터
2026-04-28,005930,삼성전자,005930,224000.0,226000.0,221500.0,222000.0,18444490,222000.0,KRW,exchange,https://github.com/FinanceDataReader/FinanceDataReader,reviewed,삼성전자 3개년 일별 주가 수집 검수 완료 데이터
2026-04-29,005930,삼성전자,005930,219500.0,228000.0,218500.0,226000.0,20363756,226000.0,KRW,exchange,https://github.com/FinanceDataReader/FinanceDataReader,reviewed,삼성전자 3개년 일별 주가 수집 검수 완료 데이터
2026-04-30,005930,삼성전자,005930,229000.0,230000.0,220500.0,220500.0,22161975,220500.0,KRW,exchange,https://github.com/FinanceDataReader/FinanceDataReader,reviewed,삼성전자 3개년 일별 주가 수집 검수 완료 데이터
2026-05-04,005930,삼성전자,005930,228000.0,232500.0,224000.0,232500.0,32920816,232500.0,KRW,exchange,https://github.com/FinanceDataReader/FinanceDataReader,reviewed,삼성전자 3개년 일별 주가 수집 검수 완료 데이터
2026-05-06,005930,삼성전자,005930,254000.0,270000.0,251000.0,266000.0,53097996,266000.0,KRW,exchange,https://github.com/FinanceDataReader/FinanceDataReader,reviewed,삼성전자 3개년 일별 주가 수집 검수 완료 데이터
2026-05-07,005930,삼성전자,005930,272000.0,277000.0,260000.0,271500.0,41404687,271500.0,KRW,exchange,https://github.com/FinanceDataReader/FinanceDataReader,reviewed,삼성전자 3개년 일별 주가 수집 검수 완료 데이터
2026-05-08,005930,삼성전자,005930,260000.0,270000.0,260000.0,268500.0,25875880,268500.0,KRW,exchange,https://github.com/FinanceDataReader/FinanceDataReader,reviewed,삼성전자 3개년 일별 주가 수집 검수 완료 데이터
2026-05-11,005930,삼성전자,005930,284500.0,288500.0,280000.0,285500.0,36031094,285500.0,KRW,exchange,https://github.com/FinanceDataReader/FinanceDataReader,reviewed,삼성전자 3개년 일별 주가 수집 검수 완료 데이터
2026-05-12,005930,삼성전자,005930,290000.0,291500.0,266000.0,279000.0,41211149,279000.0,KRW,exchange,https://github.com/FinanceDataReader/FinanceDataReader,reviewed,삼성전자 3개년 일별 주가 수집 검수 완료 데이터
2026-05-13,005930,삼성전자,005930,264000.0,285500.0,262000.0,284000.0,35540134,284000.0,KRW,exchange,https://github.com/FinanceDataReader/FinanceDataReader,reviewed,삼성전자 3개년 일별 주가 수집 검수 완료 데이터
2026-05-14,005930,삼성전자,005930,282000.0,299500.0,282000.0,296000.0,39314752,296000.0,KRW,exchange,https://github.com/FinanceDataReader/FinanceDataReader,reviewed,삼성전자 3개년 일별 주가 수집 검수 완료 데이터
2026-05-15,005930,삼성전자,005930,291000.0,296500.0,266000.0,270500.0,38075487,270500.0,KRW,exchange,https://github.com/FinanceDataReader/FinanceDataReader,reviewed,삼성전자 3개년 일별 주가 수집 검수 완료 데이터
2026-05-18,005930,삼성전자,005930,269500.0,288500.0,262000.0,281000.0,33555214,281000.0,KRW,exchange,https://github.com/FinanceDataReader/FinanceDataReader,reviewed,삼성전자 3개년 일별 주가 수집 검수 완료 데이터
2026-05-19,005930,삼성전자,005930,274000.0,281500.0,266000.0,275500.0,30767569,275500.0,KRW,exchange,https://github.com/FinanceDataReader/FinanceDataReader,reviewed,삼성전자 3개년 일별 주가 수집 검수 완료 데이터
2026-05-20,005930,삼성전자,005930,278000.0,282500.0,263500.0,276000.0,35662077,276000.0,KRW,exchange,https://github.com/FinanceDataReader/FinanceDataReader,reviewed,삼성전자 3개년 일별 주가 수집 검수 완료 데이터
2026-05-21,005930,삼성전자,005930,291000.0,299500.0,287000.0,299500.0,36168689,299500.0,KRW,exchange,https://github.com/FinanceDataReader/FinanceDataReader,reviewed,삼성전자 3개년 일별 주가 수집 검수 완료 데이터
2026-05-22,005930,삼성전자,005930,300000.0,300500.0,292000.0,292500.0,18395274,292500.0,KRW,exchange,https://github.com/FinanceDataReader/FinanceDataReader,reviewed,삼성전자 3개년 일별 주가 수집 검수 완료 데이터
2026-05-26,005930,삼성전자,005930,298000.0,302000.0,297500.0,299000.0,23441371,299000.0,KRW,exchange,https://github.com/FinanceDataReader/FinanceDataReader,reviewed,삼성전자 3개년 일별 주가 수집 검수 완료 데이터
2026-05-27,005930,삼성전자,005930,321500.0,323000.0,306000.0,307000.0,33916688,307000.0,KRW,exchange,https://github.com/FinanceDataReader/FinanceDataReader,reviewed,삼성전자 3개년 일별 주가 수집 검수 완료 데이터
2026-05-28,005930,삼성전자,005930,305000.0,306500.0,287500.0,299500.0,30195334,299500.0,KRW,exchange,https://github.com/FinanceDataReader/FinanceDataReader,reviewed,삼성전자 3개년 일별 주가 수집 검수 완료 데이터
2026-05-29,005930,삼성전자,005930,309500.0,319000.0,305500.0,317000.0,37241537,317000.0,KRW,exchange,https://github.com/FinanceDataReader/FinanceDataReader,reviewed,삼성전자 3개년 일별 주가 수집 검수 완료 데이터
2026-06-01,005930,삼성전자,005930,319500.0,354500.0,319500.0,349000.0,45052488,349000.0,KRW,exchange,https://github.com/FinanceDataReader/FinanceDataReader,reviewed,삼성전자 3개년 일별 주가 수집 검수 완료 데이터
2026-06-02,005930,삼성전자,005930,360500.0,370000.0,342000.0,360500.0,44720282,360500.0,KRW,exchange,https://github.com/FinanceDataReader/FinanceDataReader,reviewed,삼성전자 3개년 일별 주가 수집 검수 완료 데이터
2026-06-04,005930,삼성전자,005930,349000.0,366000.0,348000.0,351500.0,34771037,351500.0,KRW,exchange,https://github.com/FinanceDataReader/FinanceDataReader,reviewed,삼성전자 3개년 일별 주가 수집 검수 완료 데이터
2026-06-05,005930,삼성전자,005930,333500.0,343000.0,325000.0,329000.0,33725012,329000.0,KRW,exchange,https://github.com/FinanceDataReader/FinanceDataReader,reviewed,삼성전자 3개년 일별 주가 수집 검수 완료 데이터
2026-06-08,005930,삼성전자,005930,293000.0,315500.0,292500.0,295500.0,38929682,295500.0,KRW,exchange,https://github.com/FinanceDataReader/FinanceDataReader,reviewed,삼성전자 3개년 일별 주가 수집 검수 완료 데이터
2026-06-09,005930,삼성전자,005930,310000.0,324000.0,300000.0,322000.0,30124249,322000.0,KRW,exchange,https://github.com/FinanceDataReader/FinanceDataReader,reviewed,삼성전자 3개년 일별 주가 수집 검수 완료 데이터
2026-06-10,005930,삼성전자,005930,311000.0,314500.0,295250.0,302500.0,27050362,302500.0,KRW,exchange,https://github.com/FinanceDataReader/FinanceDataReader,reviewed,삼성전자 3개년 일별 주가 수집 검수 완료 데이터
2026-06-11,005930,삼성전자,005930,290500.0,306500.0,287500.0,299000.0,31420307,299000.0,KRW,exchange,https://github.com/FinanceDataReader/FinanceDataReader,reviewed,삼성전자 3개년 일별 주가 수집 검수 완료 데이터
2026-06-12,005930,삼성전자,005930,326000.0,339000.0,320000.0,322500.0,31006148,322500.0,KRW,exchange,https://github.com/FinanceDataReader/FinanceDataReader,reviewed,삼성전자 3개년 일별 주가 수집 검수 완료 데이터
2026-06-15,005930,삼성전자,005930,342500.0,344500.0,334000.0,337000.0,21500067,337000.0,KRW,exchange,https://github.com/FinanceDataReader/FinanceDataReader,reviewed,삼성전자 3개년 일별 주가 수집 검수 완료 데이터
2026-06-16,005930,삼성전자,005930,343000.0,345500.0,332500.0,343000.0,17548685,343000.0,KRW,exchange,https://github.com/FinanceDataReader/FinanceDataReader,reviewed,삼성전자 3개년 일별 주가 수집 검수 완료 데이터
2026-06-17,005930,삼성전자,005930,332000.0,348000.0,331500.0,346500.0,18134051,346500.0,KRW,exchange,https://github.com/FinanceDataReader/FinanceDataReader,reviewed,삼성전자 3개년 일별 주가 수집 검수 완료 데이터
2026-06-18,005930,삼성전자,005930,345000.0,363000.0,344500.0,362500.0,32764450,362500.0,KRW,exchange,https://github.com/FinanceDataReader/FinanceDataReader,reviewed,삼성전자 3개년 일별 주가 수집 검수 완료 데이터
2026-06-19,005930,삼성전자,005930,372500.0,374500.0,346250.0,354000.0,43284898,354000.0,KRW,exchange,https://github.com/FinanceDataReader/FinanceDataReader,reviewed,삼성전자 3개년 일별 주가 수집 검수 완료 데이터
2026-06-22,005930,삼성전자,005930,343000.0,363000.0,342000.0,353500.0,24330451,353500.0,KRW,exchange,https://github.com/FinanceDataReader/FinanceDataReader,reviewed,삼성전자 3개년 일별 주가 수집 검수 완료 데이터
2026-06-23,005930,삼성전자,005930,347500.0,353000.0,310000.0,310000.0,41266630,310000.0,KRW,exchange,https://github.com/FinanceDataReader/FinanceDataReader,reviewed,삼성전자 3개년 일별 주가 수집 검수 완료 데이터
2026-06-24,005930,삼성전자,005930,314000.0,341000.0,314000.0,340500.0,47809959,340500.0,KRW,exchange,https://github.com/FinanceDataReader/FinanceDataReader,reviewed,삼성전자 3개년 일별 주가 수집 검수 완료 데이터
2026-06-25,005930,삼성전자,005930,359500.0,362500.0,352000.0,358500.0,36157158,358500.0,KRW,exchange,https://github.com/FinanceDataReader/FinanceDataReader,reviewed,삼성전자 3개년 일별 주가 수집 검수 완료 데이터
2026-06-26,005930,삼성전자,005930,354000.0,356500.0,321500.0,339500.0,39735951,339500.0,KRW,exchange,https://github.com/FinanceDataReader/FinanceDataReader,reviewed,삼성전자 3개년 일별 주가 수집 검수 완료 데이터
2026-06-29,005930,삼성전자,005930,331000.0,335500.0,316000.0,323000.0,35436521,323000.0,KRW,exchange,https://github.com/FinanceDataReader/FinanceDataReader,reviewed,삼성전자 3개년 일별 주가 수집 검수 완료 데이터
2026-06-30,005930,삼성전자,005930,323500.0,343000.0,321000.0,334000.0,29237216,334000.0,KRW,exchange,https://github.com/FinanceDataReader/FinanceDataReader,reviewed,삼성전자 3개년 일별 주가 수집 검수 완료 데이터
2026-07-01,005930,삼성전자,005930,334500.0,339000.0,311500.0,314500.0,24968382,314500.0,KRW,exchange,https://github.com/FinanceDataReader/FinanceDataReader,reviewed,삼성전자 3개년 일별 주가 수집 검수 완료 데이터
2026-07-02,005930,삼성전자,005930,290000.0,304000.0,281500.0,286000.0,38905074,286000.0,KRW,exchange,https://github.com/FinanceDataReader/FinanceDataReader,reviewed,삼성전자 3개년 일별 주가 수집 검수 완료 데이터
2026-07-03,005930,삼성전자,005930,288500.0,313000.0,283500.0,309500.0,31520538,309500.0,KRW,exchange,https://github.com/FinanceDataReader/FinanceDataReader,reviewed,삼성전자 3개년 일별 주가 수집 검수 완료 데이터
2026-07-06,005930,삼성전자,005930,320000.0,325000.0,303000.0,318000.0,23872879,318000.0,KRW,exchange,https://github.com/FinanceDataReader/FinanceDataReader,reviewed,삼성전자 3개년 일별 주가 수집 검수 완료 데이터
2026-07-07,005930,삼성전자,005930,307000.0,310000.0,286000.0,296000.0,32421032,296000.0,KRW,exchange,https://github.com/FinanceDataReader/FinanceDataReader,reviewed,삼성전자 3개년 일별 주가 수집 검수 완료 데이터
2026-07-08,005930,삼성전자,005930,285500.0,300000.0,273500.0,277500.0,33525758,277500.0,KRW,exchange,https://github.com/FinanceDataReader/FinanceDataReader,reviewed,삼성전자 3개년 일별 주가 수집 검수 완료 데이터
2026-07-09,005930,삼성전자,005930,288500.0,291500.0,267500.0,278000.0,29703616,278000.0,KRW,exchange,https://github.com/FinanceDataReader/FinanceDataReader,reviewed,삼성전자 3개년 일별 주가 수집 검수 완료 데이터
2026-07-10,005930,삼성전자,005930,291000.0,298000.0,282000.0,285000.0,20088811,285000.0,KRW,exchange,https://github.com/FinanceDataReader/FinanceDataReader,reviewed,삼성전자 3개년 일별 주가 수집 검수 완료 데이터
2026-07-13,005930,삼성전자,005930,285000.0,292500.0,253000.0,254500.0,31882652,254500.0,KRW,exchange,https://github.com/FinanceDataReader/FinanceDataReader,reviewed,삼성전자 3개년 일별 주가 수집 검수 완료 데이터
2026-07-14,005930,삼성전자,005930,255000.0,270000.0,247000.0,263000.0,40086496,263000.0,KRW,exchange,https://github.com/FinanceDataReader/FinanceDataReader,reviewed,삼성전자 3개년 일별 주가 수집 검수 완료 데이터
2026-07-15,005930,삼성전자,005930,283500.0,284500.0,273000.0,279500.0,24873414,279500.0,KRW,exchange,https://github.com/FinanceDataReader/FinanceDataReader,reviewed,삼성전자 3개년 일별 주가 수집 검수 완료 데이터
2026-07-16,005930,삼성전자,005930,264500.0,265500.0,252500.0,255000.0,27001478,255000.0,KRW,exchange,https://github.com/FinanceDataReader/FinanceDataReader,reviewed,삼성전자 3개년 일별 주가 수집 검수 완료 데이터
2026-07-20,005930,삼성전자,005930,241000.0,257500.0,240000.0,244000.0,26804038,244000.0,KRW,exchange,https://github.com/FinanceDataReader/FinanceDataReader,reviewed,삼성전자 3개년 일별 주가 수집 검수 완료 데이터
2026-07-21,005930,삼성전자,005930,247000.0,254500.0,243000.0,254000.0,5502597,254000.0,KRW,exchange,https://github.com/FinanceDataReader/FinanceDataReader,reviewed,삼성전자 3개년 일별 주가 수집 검수 완료 데이터
